Date,Code,Name,TradeVolume,Open,High,Low,Close
2024-07-01,0050,元大台灣50,81160741,190,191.23,189.07,190.64
2024-07-01,2308,台達電,132679634,380,381.99,377.77,378.31
2024-07-01,2317,鴻海,108032320,170,171.93,168.86,170.53
2024-07-01,2330,台積電,59385706,900,906.11,886.34,891.91
2024-07-01,2412,中華電,113691005,130,131.59,129.21,130.33
2024-07-01,2454,聯發科,114432867,1300,1308.52,1288.21,1296.82
2024-07-01,2881,富邦金,128360618,85,85.55,84.18,84.56
2024-07-01,2882,國泰金,104764958,65,65.57,63.9,64.47
2024-07-02,0050,元大台灣50,101290637,190.64,190.8,187.61,189.37
2024-07-02,2308,台達電,112337521,378.31,380.18,374.71,377.17
2024-07-02,2317,鴻海,50887006,170.53,172.09,167.84,168.48
2024-07-02,2330,台積電,115463228,891.91,901.22,889.31,898.43
2024-07-02,2412,中華電,131922465,130.33,130.64,129.36,129.91
2024-07-02,2454,聯發科,121866653,1296.82,1304.44,1281.21,1294.09
2024-07-02,2881,富邦金,95582828,84.56,85.81,83.91,85.47
2024-07-02,2882,國泰金,106299479,64.47,65.85,63.94,65.24
2024-07-03,0050,元大台灣50,57554677,189.37,189.95,188.62,189.54
2024-07-03,2308,台達電,71352448,377.17,381.59,375.11,379.4
2024-07-03,2317,鴻海,124237079,168.48,169.03,166.82,167.64
2024-07-03,2330,台積電,99862281,898.43,898.84,884.63,885.96
2024-07-03,2412,中華電,99456100,129.91,130.26,128.38,128.89
2024-07-03,2454,聯發科,91301588,1294.09,1308.68,1288.79,1303.5
2024-07-03,2881,富邦金,123606363,85.47,85.76,84.05,84.6
2024-07-03,2882,國泰金,79075962,65.24,65.95,64.87,65.46
2024-07-04,0050,元大台灣50,57049805,189.54,190.52,188.07,188.11
2024-07-04,2308,台達電,92251394,379.4,383.96,377.69,380.9
2024-07-04,2317,鴻海,120288881,167.64,169.16,164.53,165.99
2024-07-04,2330,台積電,119804021,885.96,895.38,881.22,886.67
2024-07-04,2412,中華電,55404523,128.89,129.35,127.15,127.18
2024-07-04,2454,聯發科,67531659,1303.5,1328.02,1290.79,1315.23
2024-07-04,2881,富邦金,94519965,84.6,85.89,83.89,85.24
2024-07-04,2882,國泰金,116187649,65.46,66.54,65.41,66.03
2024-07-05,0050,元大台灣50,109696381,188.11,189.45,185.51,186
2024-07-05,2308,台達電,82329497,380.9,383.07,378.33,378.68
2024-07-05,2317,鴻海,134837277,165.99,167.2,165.35,167.08
2024-07-05,2330,台積電,69896056,886.67,892.94,867.59,873.72
2024-07-05,2412,中華電,72456765,127.18,128.07,127.04,127.9
2024-07-05,2454,聯發科,139078130,1315.23,1321.19,1304.43,1320.22
2024-07-05,2881,富邦金,105224133,85.24,85.54,84.37,85.02
2024-07-05,2882,國泰金,73442158,66.03,66.57,65.48,65.57
2024-07-08,0050,元大台灣50,63049829,186,186.57,184.14,184.91
2024-07-08,2308,台達電,130830354,378.68,383.28,375.73,381.02
2024-07-08,2317,鴻海,95060866,167.08,168.75,166.16,167.77
2024-07-08,2330,台積電,84557411,873.72,873.77,856.52,861.54
2024-07-08,2412,中華電,140060346,127.9,130.39,127.78,129.61
2024-07-08,2454,聯發科,58535026,1320.22,1327.82,1295.78,1300.75
2024-07-08,2881,富邦金,132081511,85.02,86.2,84.82,85.49
2024-07-08,2882,國泰金,71723679,65.57,65.67,65.12,65.3
2024-07-09,0050,元大台灣50,55739599,184.91,187.36,184.43,186.99
2024-07-09,2308,台達電,71085137,381.02,382.05,372.57,376.18
2024-07-09,2317,鴻海,143312784,167.77,170.14,167.05,169.81
2024-07-09,2330,台積電,102638834,861.54,880.41,859.88,873.32
2024-07-09,2412,中華電,79584251,129.61,130.73,129.54,129.93
2024-07-09,2454,聯發科,67412126,1300.75,1309.1,1285.32,1293.06
2024-07-09,2881,富邦金,147870179,85.49,86.11,84.49,85.32
2024-07-09,2882,國泰金,104122083,65.3,65.78,64.95,65.52
2024-07-10,0050,元大台灣50,123924934,186.99,188.93,186.53,188.08
2024-07-10,2308,台達電,76974319,376.18,380.41,375.69,378.47
2024-07-10,2317,鴻海,142404111,169.81,171.97,168.54,170.95
2024-07-10,2330,台積電,122789578,873.32,881.58,864.55,865.78
2024-07-10,2412,中華電,69151361,129.93,131.06,129.18,131.02
2024-07-10,2454,聯發科,102753887,1293.06,1297.83,1278.2,1278.71
2024-07-10,2881,富邦金,136728071,85.32,85.35,84.32,84.45
2024-07-10,2882,國泰金,120414564,65.52,66.21,65.01,65.73
2024-07-11,0050,元大台灣50,92577318,188.08,189.87,186.9,188.78
2024-07-11,2308,台達電,70944969,378.47,386.72,376.12,383.79
2024-07-11,2317,鴻海,75386174,170.95,173.48,169.3,173.47
2024-07-11,2330,台積電,69627278,865.78,870.33,851.47,858.8
2024-07-11,2412,中華電,107896818,131.02,131.68,130.36,130.42
2024-07-11,2454,聯發科,117913084,1278.71,1291.89,1274.52,1284.86
2024-07-11,2881,富邦金,116293698,84.45,84.52,84.32,84.48
2024-07-11,2882,國泰金,101525839,65.73,66.74,65.73,66.63
2024-07-12,0050,元大台灣50,53254699,188.78,191.15,187.4,190.64
2024-07-12,2308,台達電,129209263,383.79,387.18,380.62,382.66
2024-07-12,2317,鴻海,71155457,173.47,175.14,171.64,172.79
2024-07-12,2330,台積電,60312923,858.8,862.12,853.6,860.34
2024-07-12,2412,中華電,118455807,130.42,132.94,130.05,131.99
2024-07-12,2454,聯發科,102017238,1284.86,1294.69,1269.59,1275.64
2024-07-12,2881,富邦金,137877159,84.48,85.07,84.01,84.97
2024-07-12,2882,國泰金,56386571,66.63,67.45,66.39,67.36
2024-07-15,0050,元大台灣50,128949768,190.64,191,187.81,188.55
2024-07-15,2308,台達電,52997474,382.66,387.15,378.85,384.82
2024-07-15,2317,鴻海,73496623,172.79,174.52,171.42,173.79
2024-07-15,2330,台積電,79095780,860.34,875.05,852.74,872.08
2024-07-15,2412,中華電,147240769,131.99,133.84,130.74,132.55
2024-07-15,2454,聯發科,105476573,1275.64,1285.66,1262.86,1268.85
2024-07-15,2881,富邦金,145794067,84.97,85.46,84.01,84.6
2024-07-15,2882,國泰金,144685364,67.36,68.25,67.2,67.69
2024-07-16,0050,元大台灣50,136095283,188.55,190.4,187.89,189.78
2024-07-16,2308,台達電,142230873,384.82,386.52,382.2,385.68
2024-07-16,2317,鴻海,109210394,173.79,176.77,173.54,176.18
2024-07-16,2330,台積電,78268951,872.08,872.4,863.48,870.32
2024-07-16,2412,中華電,74196457,132.55,134.03,132.47,132.89
2024-07-16,2454,聯發科,138186786,1268.85,1291.46,1259.09,1279.81
2024-07-16,2881,富邦金,86414980,84.6,85.73,84.09,85.55
2024-07-16,2882,國泰金,126716724,67.69,68.63,67.42,68
2024-07-17,0050,元大台灣50,124187682,189.78,192.45,189.41,191.65
2024-07-17,2308,台達電,70581168,385.68,387.48,378.1,381.12
2024-07-17,2317,鴻海,63202420,176.18,178.78,175.19,177.16
2024-07-17,2330,台積電,75088299,870.32,881.73,865.55,874.56
2024-07-17,2412,中華電,64711642,132.89,133.51,130.97,131.4
2024-07-17,2454,聯發科,64920753,1279.81,1284.6,1254.81,1266.75
2024-07-17,2881,富邦金,100706020,85.55,85.77,84.85,85.29
2024-07-17,2882,國泰金,145543384,68,69.16,67.74,68.88
2024-07-18,0050,元大台灣50,137982482,191.65,191.77,189.48,190.35
2024-07-18,2308,台達電,114209401,381.12,384.23,373.82,375.93
2024-07-18,2317,鴻海,97769866,177.16,180.44,176.61,178.7
2024-07-18,2330,台積電,51735157,874.56,882.41,866.51,870.5
2024-07-18,2412,中華電,93880847,131.4,132.31,130.96,131.8
2024-07-18,2454,聯發科,127271907,1266.75,1277.24,1261.88,1267.09
2024-07-18,2881,富邦金,100934991,85.29,85.43,85.21,85.29
2024-07-18,2882,國泰金,130890614,68.88,69.39,68.08,68.76
2024-07-19,0050,元大台灣50,97898117,190.35,192.52,188.77,190.7
2024-07-19,2308,台達電,56159362,375.93,383.63,375,379.94
2024-07-19,2317,鴻海,146774316,178.7,181.06,177.11,180.87
2024-07-19,2330,台積電,106143087,870.5,872.67,864.64,866.79
2024-07-19,2412,中華電,72429192,131.8,132.28,130.02,130.52
2024-07-19,2454,聯發科,117564735,1267.09,1286.52,1265.72,1281.34
2024-07-19,2881,富邦金,126775980,85.29,85.65,83.89,84.46
2024-07-19,2882,國泰金,65733356,68.76,69.6,68.44,69.08
2024-07-22,0050,元大台灣50,120736105,190.7,190.73,190.23,190.49
2024-07-22,2308,台達電,64287838,379.94,385.79,378.81,382.68
2024-07-22,2317,鴻海,67621981,180.87,182.58,180.38,181.49
2024-07-22,2330,台積電,57026601,866.79,874.47,860.86,868.31
2024-07-22,2412,中華電,57218962,130.52,132.69,129.24,131.92
2024-07-22,2454,聯發科,114512629,1281.34,1303.13,1269.66,1292.37
2024-07-22,2881,富邦金,88444038,84.46,84.73,83.22,83.65
2024-07-22,2882,國泰金,146226740,69.08,69.62,68.51,68.66
2024-07-23,0050,元大台灣50,137552517,190.49,190.84,188.9,189.44
2024-07-23,2308,台達電,54610070,382.68,392.11,381.39,388.53
2024-07-23,2317,鴻海,69345384,181.49,182.9,178.81,179.8
2024-07-23,2330,台積電,79385667,868.31,870.19,858.05,858.68
2024-07-23,2412,中華電,73899604,131.92,131.98,130.33,130.56
2024-07-23,2454,聯發科,133657883,1292.37,1301.77,1291.78,1298.69
2024-07-23,2881,富邦金,117880712,83.65,85.1,83.2,84.27
2024-07-23,2882,國泰金,72872346,68.66,69.04,68.46,68.6
2024-07-24,0050,元大台灣50,133329275,189.44,191.89,188.13,191.2
2024-07-24,2308,台達電,89403618,388.53,391.59,382.55,385.26
2024-07-24,2317,鴻海,97289099,179.8,181.36,176.69,177.64
2024-07-24,2330,台積電,68259938,858.68,866.22,848.52,852.78
2024-07-24,2412,中華電,132698622,130.56,132.62,129.27,132.07
2024-07-24,2454,聯發科,109724162,1298.69,1310.43,1291.67,1300.17
2024-07-24,2881,富邦金,142320843,84.27,84.48,83.4,83.5
2024-07-24,2882,國泰金,66564987,68.6,68.73,67.99,68.57
2024-07-25,0050,元大台灣50,73116779,191.2,192.24,188.39,189.79
2024-07-25,2308,台達電,120148500,385.26,388,378.74,381.66
2024-07-25,2317,鴻海,101126090,177.64,180.61,176.07,180.2
2024-07-25,2330,台積電,91465944,852.78,859.83,845.69,847.45
2024-07-25,2412,中華電,92458241,132.07,134.5,131.44,133.93
2024-07-25,2454,聯發科,125285440,1300.17,1308.28,1277.98,1289.01
2024-07-25,2881,富邦金,140652058,83.5,83.64,82.41,82.46
2024-07-25,2882,國泰金,103015834,68.57,69.7,68.12,69.23
2024-07-26,0050,元大台灣50,60332776,189.79,190.1,188.9,189.03
2024-07-26,2308,台達電,80611299,381.66,387.44,377.89,386.16
2024-07-26,2317,鴻海,81817026,180.2,182.24,179.53,181.15
2024-07-26,2330,台積電,68378890,847.45,851.16,846.39,851.09
2024-07-26,2412,中華電,129008506,133.93,136.19,133.49,135.59
2024-07-26,2454,聯發科,66257076,1289.01,1299.51,1285.84,1293.85
2024-07-26,2881,富邦金,114469345,82.46,82.97,81,81.46
2024-07-26,2882,國泰金,68412265,69.23,69.48,67.91,68.39
2024-07-29,0050,元大台灣50,71304275,189.03,191.23,187.43,189.58
2024-07-29,2308,台達電,126058070,386.16,386.49,382.4,385.14
2024-07-29,2317,鴻海,140857254,181.15,181.75,177.97,178.63
2024-07-29,2330,台積電,59247730,851.09,852.04,841.56,848.75
2024-07-29,2412,中華電,137602643,135.59,136.85,134.08,134.56
2024-07-29,2454,聯發科,119085065,1293.85,1305.18,1286.51,1299.56
2024-07-29,2881,富邦金,140915786,81.46,81.66,81.35,81.55
2024-07-29,2882,國泰金,67916303,68.39,68.41,67.93,68.17
2024-07-30,0050,元大台灣50,137468017,189.58,192.42,188.46,191.64
2024-07-30,2308,台達電,56676182,385.14,386.66,378.54,381.18
2024-07-30,2317,鴻海,92232677,178.63,179.89,176.75,176.94
2024-07-30,2330,台積電,67079428,848.75,867.77,843.72,859.44
2024-07-30,2412,中華電,112612345,134.56,135.24,133.87,135.09
2024-07-30,2454,聯發科,138535322,1299.56,1311.83,1293.49,1296.14
2024-07-30,2881,富邦金,107142445,81.55,82.22,81.41,81.82
2024-07-30,2882,國泰金,130546825,68.17,69.18,68.13,68.69
2024-07-31,0050,元大台灣50,71256970,191.64,193.55,191.53,191.89
2024-07-31,2308,台達電,120410185,381.18,382.72,378.54,381.15
2024-07-31,2317,鴻海,69892049,176.94,179.22,176.06,178.63
2024-07-31,2330,台積電,126619407,859.44,878.25,853.08,872.24
2024-07-31,2412,中華電,53209092,135.09,135.96,132.51,133.2
2024-07-31,2454,聯發科,117203988,1296.14,1314.98,1293.67,1305.6
2024-07-31,2881,富邦金,55403211,81.82,83.37,81.38,82.77
2024-07-31,2882,國泰金,117321297,68.69,69.3,67.41,67.77
2024-08-01,0050,元大台灣50,51941924,191.89,192.07,190.93,191.75
2024-08-01,2308,台達電,105947593,381.15,382.88,374.65,377.29
2024-08-01,2317,鴻海,139368448,178.63,181.44,178.59,181.1
2024-08-01,2330,台積電,141477984,872.24,878.8,854.7,860.58
2024-08-01,2412,中華電,128450663,133.2,133.52,132.39,132.84
2024-08-01,2454,聯發科,118557471,1305.6,1326.32,1292.79,1314.88
2024-08-01,2881,富邦金,62395177,82.77,83.45,82.2,82.26
2024-08-01,2882,國泰金,101923019,67.77,68.35,66.69,67.25
2024-08-02,0050,元大台灣50,62902281,191.75,195.78,191.66,193.87
2024-08-02,2308,台達電,78517426,377.29,380.67,369.5,372.16
2024-08-02,2317,鴻海,126764455,181.1,184.8,180.42,183.71
2024-08-02,2330,台積電,130619956,860.58,865.36,845.61,849.01
2024-08-02,2412,中華電,115574885,132.84,134.01,132.73,133.02
2024-08-02,2454,聯發科,144347134,1314.88,1321.95,1302.9,1317.22
2024-08-02,2881,富邦金,119712594,82.26,82.31,80.84,81.61
2024-08-02,2882,國泰金,108207555,67.25,67.44,66.68,66.95
2024-08-05,0050,元大台灣50,129501608,193.87,195.48,193.66,194.49
2024-08-05,2308,台達電,133325351,372.16,375.68,370.19,370.9
2024-08-05,2317,鴻海,76125280,183.71,185.38,182.29,183.81
2024-08-05,2330,台積電,99657663,849.01,852.04,837.91,842.87
2024-08-05,2412,中華電,96308987,133.02,134.38,132.76,134.12
2024-08-05,2454,聯發科,57414535,1317.22,1318.59,1309.19,1314.06
2024-08-05,2881,富邦金,141294974,81.61,82.16,80.88,81.5
2024-08-05,2882,國泰金,93401509,66.95,67.91,66.33,67.25
2024-08-06,0050,元大台灣50,127370824,194.49,195.72,193.2,195.22
2024-08-06,2308,台達電,77692768,370.9,375.93,369.82,372.95
2024-08-06,2317,鴻海,55162789,183.81,184.03,182.05,182.46
2024-08-06,2330,台積電,59457006,842.87,861.68,838.06,856.07
2024-08-06,2412,中華電,120566162,134.12,135.19,131.73,132.65
2024-08-06,2454,聯發科,101714332,1314.06,1315.39,1296.16,1298.86
2024-08-06,2881,富邦金,71357660,81.5,81.93,81.4,81.68
2024-08-06,2882,國泰金,99361714,67.25,67.53,66.79,67.21
2024-08-07,0050,元大台灣50,105742324,195.22,198.84,193.3,198.08
2024-08-07,2308,台達電,128393687,372.95,375.24,366.82,368.47
2024-08-07,2317,鴻海,111070382,182.46,184.02,181.88,182.59
2024-08-07,2330,台積電,140840235,856.07,865.57,854.73,857.2
2024-08-07,2412,中華電,55906672,132.65,132.99,129.76,130.99
2024-08-07,2454,聯發科,100235790,1298.86,1304.8,1287.61,1293.82
2024-08-07,2881,富邦金,106148780,81.68,83.29,81.68,82.88
2024-08-07,2882,國泰金,134985824,67.21,67.64,67.03,67.49
2024-08-08,0050,元大台灣50,92985179,198.08,198.83,197.06,197.51
2024-08-08,2308,台達電,52183494,368.47,372.18,365.98,370.72
2024-08-08,2317,鴻海,121079212,182.59,183.63,181.35,182.92
2024-08-08,2330,台積電,89815247,857.2,873.8,852.26,865.4
2024-08-08,2412,中華電,104891776,130.99,132.07,129.08,129.97
2024-08-08,2454,聯發科,134320190,1293.82,1297.21,1283.53,1292.03
2024-08-08,2881,富邦金,64720366,82.88,83.87,82.14,83.78
2024-08-08,2882,國泰金,122395680,67.49,68.03,66.49,66.92
2024-08-09,0050,元大台灣50,86796570,197.51,197.77,194.79,195.63
2024-08-09,2308,台達電,78418321,370.72,373.19,368.63,370.2
2024-08-09,2317,鴻海,128645475,182.92,183.86,182.56,183.12
2024-08-09,2330,台積電,69661569,865.4,883.69,862.11,877.96
2024-08-09,2412,中華電,146614959,129.97,132.46,129.23,132.02
2024-08-09,2454,聯發科,52580302,1292.03,1296.61,1276.13,1278.38
2024-08-09,2881,富邦金,70023979,83.78,84.45,82.8,83.51
2024-08-09,2882,國泰金,108076949,66.92,67.89,66.75,67.68
2024-08-12,0050,元大台灣50,70901237,195.63,196.47,194.17,195.51
2024-08-12,2308,台達電,91887114,370.2,370.47,363.28,365.48
2024-08-12,2317,鴻海,73145321,183.12,187.04,182.19,185.2
2024-08-12,2330,台積電,83992060,877.96,881.6,871.35,880.38
2024-08-12,2412,中華電,101691551,132.02,132.77,131.19,131.92
2024-08-12,2454,聯發科,88180235,1278.38,1283.8,1268.16,1272.62
2024-08-12,2881,富邦金,84474146,83.51,84.46,82.94,83.63
2024-08-12,2882,國泰金,70011751,67.68,68.16,66.62,67.24
2024-08-13,0050,元大台灣50,131668722,195.51,196.87,192.93,193.71
2024-08-13,2308,台達電,72565542,365.48,372.15,362.33,371.29
2024-08-13,2317,鴻海,134686654,185.2,186.3,183.57,183.98
2024-08-13,2330,台積電,119860137,880.38,899.21,879.27,894.21
2024-08-13,2412,中華電,54158057,131.92,133.59,131.87,133.43
2024-08-13,2454,聯發科,140451793,1272.62,1278.49,1259.64,1271.56
2024-08-13,2881,富邦金,61034433,83.63,83.79,82.98,83.37
2024-08-13,2882,國泰金,122837923,67.24,67.58,66.39,66.49
2024-08-14,0050,元大台灣50,146488764,193.71,193.94,191.92,193.5
2024-08-14,2308,台達電,99832015,371.29,378.88,369.32,376.73
2024-08-14,2317,鴻海,144264324,183.98,186.58,182.48,185.56
2024-08-14,2330,台積電,142108007,894.21,894.59,887.39,890.05
2024-08-14,2412,中華電,145719369,133.43,134.88,132.68,133.86
2024-08-14,2454,聯發科,138234594,1271.56,1280.03,1268.14,1268.77
2024-08-14,2881,富邦金,114488896,83.37,83.62,82.12,82.26
2024-08-14,2882,國泰金,104964605,66.49,67.19,66.38,66.54
2024-08-15,0050,元大台灣50,50302939,193.5,194.19,190.77,191.22
2024-08-15,2308,台達電,56857262,376.73,379.68,373.97,374.06
2024-08-15,2317,鴻海,149081207,185.56,186.84,184.45,185.95
2024-08-15,2330,台積電,52544356,890.05,897.15,874.52,881.87
2024-08-15,2412,中華電,135731608,133.86,134.85,133.46,134.81
2024-08-15,2454,聯發科,133743656,1268.77,1283.39,1268.19,1273.49
2024-08-15,2881,富邦金,143723147,82.26,82.57,80.99,81.72
2024-08-15,2882,國泰金,137064528,66.54,66.55,65.52,65.61
2024-08-16,0050,元大台灣50,105113963,191.22,194.24,190.28,192.95
2024-08-16,2308,台達電,75372609,374.06,382.06,372.28,379.97
2024-08-16,2317,鴻海,130748444,185.95,186.67,182.96,184.55
2024-08-16,2330,台積電,54620683,881.87,884.79,870.58,876.14
2024-08-16,2412,中華電,50379108,134.81,135.23,132.08,133.08
2024-08-16,2454,聯發科,65523001,1273.49,1286.39,1269.84,1277.9
2024-08-16,2881,富邦金,58200037,81.72,83.1,80.91,82.34
2024-08-16,2882,國泰金,82915183,65.61,66.38,65.3,66.05
2024-08-19,0050,元大台灣50,58213085,192.95,193.62,189.7,191.16
2024-08-19,2308,台達電,148573923,379.97,384.91,378.52,382.54
2024-08-19,2317,鴻海,76065493,184.55,187.15,184.23,186.41
2024-08-19,2330,台積電,83049255,876.14,894.4,870.97,887.79
2024-08-19,2412,中華電,55352771,133.08,133.25,132.65,132.82
2024-08-19,2454,聯發科,87808899,1277.9,1287.98,1273.79,1282.92
2024-08-19,2881,富邦金,90681249,82.34,82.93,81.29,81.59
2024-08-19,2882,國泰金,104975992,66.05,66.88,65.4,66.24
2024-08-20,0050,元大台灣50,83149589,191.16,195.62,190.2,194.15
2024-08-20,2308,台達電,59179546,382.54,388.88,382.23,388.25
2024-08-20,2317,鴻海,95613492,186.41,189.89,185.33,188.07
2024-08-20,2330,台積電,111740799,887.79,895.62,882.73,889.82
2024-08-20,2412,中華電,149394124,132.82,134.47,131.86,134.18
2024-08-20,2454,聯發科,136729433,1282.92,1292.37,1264.76,1269.01
2024-08-20,2881,富邦金,111572559,81.59,83.19,81.08,82.73
2024-08-20,2882,國泰金,76535349,66.24,66.55,65.19,65.39
2024-08-21,0050,元大台灣50,54513956,194.15,194.68,192.06,192.74
2024-08-21,2308,台達電,67958550,388.25,392.12,386.78,391.55
2024-08-21,2317,鴻海,100992718,188.07,190.94,186.8,190.16
2024-08-21,2330,台積電,128880852,889.82,898.68,873.85,879.93
2024-08-21,2412,中華電,82333035,134.18,136.12,133.78,135.12
2024-08-21,2454,聯發科,96266802,1269.01,1285.46,1265.31,1278.18
2024-08-21,2881,富邦金,144948877,82.73,84.36,82.17,83.99
2024-08-21,2882,國泰金,141543616,65.39,66.36,65.22,66
2024-08-22,0050,元大台灣50,53364544,192.74,195.52,191.82,195.29
2024-08-22,2308,台達電,138760620,391.55,393.89,382.49,386.33
2024-08-22,2317,鴻海,112214051,190.16,193.1,189.47,192.83
2024-08-22,2330,台積電,113071739,879.93,888.47,864.77,870.7
2024-08-22,2412,中華電,73760278,135.12,137.38,134.66,136.3
2024-08-22,2454,聯發科,85477526,1278.18,1282.09,1267.15,1280.4
2024-08-22,2881,富邦金,59552843,83.99,84.92,83.38,84.91
2024-08-22,2882,國泰金,66746031,66,66.65,65.26,65.41
2024-08-23,0050,元大台灣50,113864659,195.29,196.26,192.32,192.69
2024-08-23,2308,台達電,145489501,386.33,386.57,383.36,383.56
2024-08-23,2317,鴻海,104886894,192.83,194.34,190.89,191.33
2024-08-23,2330,台積電,110238795,870.7,872.37,855.15,861.96
2024-08-23,2412,中華電,96848737,136.3,137.73,136.15,136.91
2024-08-23,2454,聯發科,84956433,1280.4,1293.16,1265.51,1272.7
2024-08-23,2881,富邦金,71398023,84.91,85.18,84.53,84.64
2024-08-23,2882,國泰金,130512314,65.41,65.65,64.34,64.93
2024-08-26,0050,元大台灣50,147260708,192.69,193.11,190.22,190.73
2024-08-26,2308,台達電,129628628,383.56,383.73,378.83,379.92
2024-08-26,2317,鴻海,102713855,191.33,193.53,190.63,192.72
2024-08-26,2330,台積電,71972667,861.96,865.87,856.37,862.15
2024-08-26,2412,中華電,117793206,136.91,138.17,136.46,137.33
2024-08-26,2454,聯發科,61850331,1272.7,1274.08,1247.64,1258.3
2024-08-26,2881,富邦金,70908712,84.64,85.54,84.53,84.74
2024-08-26,2882,國泰金,147731682,64.93,65.02,63.92,64.19
2024-08-27,0050,元大台灣50,138683279,190.73,193.81,190.63,193.11
2024-08-27,2308,台達電,104672188,379.92,386.19,377.75,384.24
2024-08-27,2317,鴻海,81931111,192.72,194.06,191.99,192.32
2024-08-27,2330,台積電,115115493,862.15,866.95,854.75,857.69
2024-08-27,2412,中華電,103527221,137.33,140.69,136.47,139.48
2024-08-27,2454,聯發科,84064665,1258.3,1261.13,1239.04,1243.14
2024-08-27,2881,富邦金,87742633,84.74,85.32,84.32,84.55
2024-08-27,2882,國泰金,140737217,64.19,65.29,64.05,64.86
2024-08-28,0050,元大台灣50,56777171,193.11,194.29,191.18,192.85
2024-08-28,2308,台達電,115717050,384.24,385.17,381.04,381.7
2024-08-28,2317,鴻海,85225238,192.32,195.58,191.11,193.89
2024-08-28,2330,台積電,58909996,857.69,858.37,845.49,851.09
2024-08-28,2412,中華電,123274285,139.48,140.14,139.28,140.08
2024-08-28,2454,聯發科,91879457,1243.14,1257.25,1240.67,1246.48
2024-08-28,2881,富邦金,95108001,84.55,85.67,84.52,85.65
2024-08-28,2882,國泰金,117701999,64.86,65.4,63.94,64.05
2024-08-29,0050,元大台灣50,119782746,192.85,196.52,192.24,194.72
2024-08-29,2308,台達電,90568676,381.7,381.75,377.71,379.03
2024-08-29,2317,鴻海,104692698,193.89,197.96,192.97,196.22
2024-08-29,2330,台積電,88300636,851.09,852.81,845.73,846.59
2024-08-29,2412,中華電,133910989,140.08,142.09,140.06,141.77
2024-08-29,2454,聯發科,106566385,1246.48,1256.91,1243.75,1245.16
2024-08-29,2881,富邦金,120649165,85.65,87.13,85.36,86.77
2024-08-29,2882,國泰金,107623112,64.05,65.34,64.04,64.96
2024-08-30,0050,元大台灣50,104935185,194.72,195.89,193.8,194.37
2024-08-30,2308,台達電,120226357,379.03,379.41,375.64,377.37
2024-08-30,2317,鴻海,129303868,196.22,198.42,195.13,196.58
2024-08-30,2330,台積電,109100998,846.59,853.56,838.88,849.74
2024-08-30,2412,中華電,91881371,141.77,142.12,140.84,141.33
2024-08-30,2454,聯發科,110180586,1245.16,1251.19,1233.66,1240.74
2024-08-30,2881,富邦金,96630297,86.77,88.06,85.94,87.74
2024-08-30,2882,國泰金,58986071,64.96,65.5,64.26,64.65
2024-09-02,0050,元大台灣50,92615316,194.37,199.14,193.77,197.25
2024-09-02,2308,台達電,128318823,377.37,382.37,375.64,379.78
2024-09-02,2317,鴻海,83352716,196.58,197.19,194.18,195.21
2024-09-02,2330,台積電,141387200,849.74,864.9,844.69,860.25
2024-09-02,2412,中華電,50516000,141.33,143.68,140.74,143.42
2024-09-02,2454,聯發科,102822871,1240.74,1244.23,1224.35,1228.54
2024-09-02,2881,富邦金,89276466,87.74,88.13,86.81,87.56
2024-09-02,2882,國泰金,136862312,64.65,65.43,64.32,64.97
2024-09-03,0050,元大台灣50,145415842,197.25,200.82,197.07,199.04
2024-09-03,2308,台達電,78757988,379.78,379.97,374.19,376.57
2024-09-03,2317,鴻海,97819705,195.21,196.01,193.44,194.53
2024-09-03,2330,台積電,61371124,860.25,860.85,856.1,856.25
2024-09-03,2412,中華電,78748335,143.42,146.28,142.15,145.41
2024-09-03,2454,聯發科,103754927,1228.54,1240.77,1223.06,1228.27
2024-09-03,2881,富邦金,121021123,87.56,88.02,86.9,87.44
2024-09-03,2882,國泰金,108183487,64.97,65.36,64.91,65.24
2024-09-04,0050,元大台灣50,55342481,199.04,199.63,195.27,196.35
2024-09-04,2308,台達電,149101004,376.57,379.19,375.83,379.17
2024-09-04,2317,鴻海,128341251,194.53,196.21,193.2,194.33
2024-09-04,2330,台積電,105698009,856.25,863.32,836.9,845.19
2024-09-04,2412,中華電,55015480,145.41,146.63,144.92,145.19
2024-09-04,2454,聯發科,146814249,1228.27,1238.26,1204.57,1216.73
2024-09-04,2881,富邦金,112355188,87.44,88.26,86.77,88.19
2024-09-04,2882,國泰金,89741105,65.24,65.62,64.37,64.66
2024-09-05,0050,元大台灣50,81521685,196.35,197.5,195.5,196.28
2024-09-05,2308,台達電,63946808,379.17,384.46,375.78,381.22
2024-09-05,2317,鴻海,108145430,194.33,196.08,192.53,193.04
2024-09-05,2330,台積電,129746386,845.19,852.71,834.75,842.38
2024-09-05,2412,中華電,81658452,145.19,147.12,144.68,146.34
2024-09-05,2454,聯發科,112808227,1216.73,1224.34,1216.16,1220.31
2024-09-05,2881,富邦金,94451466,88.19,88.85,87.42,87.9
2024-09-05,2882,國泰金,54296832,64.66,64.74,63.71,64.03
2024-09-06,0050,元大台灣50,106480041,196.28,197.03,195.21,196.39
2024-09-06,2308,台達電,102623062,381.22,384.24,378.33,383.29
2024-09-06,2317,鴻海,120488852,193.04,195.31,191.61,194.26
2024-09-06,2330,台積電,140141334,842.38,861.62,841.15,853.55
2024-09-06,2412,中華電,53192330,146.34,147.42,144.73,145.66
2024-09-06,2454,聯發科,145690612,1220.31,1230.05,1214.62,1218.82
2024-09-06,2881,富邦金,138533943,87.9,88.64,87.43,88.62
2024-09-06,2882,國泰金,95038975,64.03,64.71,63.96,64.41
2024-09-09,0050,元大台灣50,145462019,196.39,196.55,193.2,193.72
2024-09-09,2308,台達電,52098581,383.29,384.78,377.36,379.9
2024-09-09,2317,鴻海,112135140,194.26,198.3,193.95,196.65
2024-09-09,2330,台積電,78966732,853.55,860.02,851.56,852.16
2024-09-09,2412,中華電,115362378,145.66,147,143.1,144.38
2024-09-09,2454,聯發科,141112792,1218.82,1237.24,1207.97,1225.39
2024-09-09,2881,富邦金,121931436,88.62,90.53,88.56,89.98
2024-09-09,2882,國泰金,102719335,64.41,64.83,64.13,64.3
2024-09-10,0050,元大台灣50,60783980,193.72,194.53,191.7,193
2024-09-10,2308,台達電,148758253,379.9,388.2,376.21,385.51
2024-09-10,2317,鴻海,110194390,196.65,199.3,196.03,197.83
2024-09-10,2330,台積電,105913216,852.16,857.48,842.36,847.55
2024-09-10,2412,中華電,119410551,144.38,144.74,142.16,142.99
2024-09-10,2454,聯發科,98582027,1225.39,1232.28,1217.77,1220.74
2024-09-10,2881,富邦金,105851797,89.98,90.18,89.17,90
2024-09-10,2882,國泰金,147382512,64.3,64.75,63.63,63.94
2024-09-11,0050,元大台灣50,99882936,193,194.82,190.42,191.42
2024-09-11,2308,台達電,68124360,385.51,387.26,379.29,382.6
2024-09-11,2317,鴻海,100182150,197.83,199.02,195.47,197.43
2024-09-11,2330,台積電,57246107,847.55,850.87,834.07,841.56
2024-09-11,2412,中華電,50483837,142.99,144.09,141.33,142.75
2024-09-11,2454,聯發科,116697849,1220.74,1228.08,1210.66,1223.74
2024-09-11,2881,富邦金,120663689,90,90.38,88.58,88.8
2024-09-11,2882,國泰金,113722503,63.94,64.93,63.94,64.52
2024-09-12,0050,元大台灣50,91622245,191.42,192.51,188.52,190.38
2024-09-12,2308,台達電,58022685,382.6,382.75,376.91,378.82
2024-09-12,2317,鴻海,112050816,197.43,198.7,194.47,195.46
2024-09-12,2330,台積電,98293632,841.56,854.11,840.66,846.39
2024-09-12,2412,中華電,68990671,142.75,142.99,142.43,142.57
2024-09-12,2454,聯發科,149038143,1223.74,1244.86,1223.51,1240.84
2024-09-12,2881,富邦金,110025389,88.8,89.45,87.84,88.3
2024-09-12,2882,國泰金,99354694,64.52,65.76,64.35,65.2
2024-09-13,0050,元大台灣50,138142470,190.38,190.71,188.85,189.85
2024-09-13,2308,台達電,96361615,378.82,382.44,375.94,380.44
2024-09-13,2317,鴻海,114370051,195.46,195.63,191.23,193.14
2024-09-13,2330,台積電,55006100,846.39,846.45,836.23,837.47
2024-09-13,2412,中華電,125081281,142.57,144.83,141.22,144.35
2024-09-13,2454,聯發科,69225902,1240.84,1259.56,1238.61,1252.43
2024-09-13,2881,富邦金,51274354,88.3,88.51,87.71,88.31
2024-09-13,2882,國泰金,75283992,65.2,66.37,64.64,66
2024-09-16,0050,元大台灣50,111915526,189.85,191.16,187.12,188.98
2024-09-16,2308,台達電,131436802,380.44,383.61,378.77,380.82
2024-09-16,2317,鴻海,130815505,193.14,193.37,192.79,193.25
2024-09-16,2330,台積電,103687807,837.47,845.51,828.47,835.16
2024-09-16,2412,中華電,130842924,144.35,145.5,143.02,143.1
2024-09-16,2454,聯發科,135557815,1252.43,1267.69,1251,1261.47
2024-09-16,2881,富邦金,62197712,88.31,88.59,88.26,88.27
2024-09-16,2882,國泰金,91661366,66,66.1,65.55,66.09
2024-09-17,0050,元大台灣50,133709547,188.98,190.71,185.96,187.76
2024-09-17,2308,台達電,107491906,380.82,387.09,378.56,384.56
2024-09-17,2317,鴻海,82472008,193.25,193.58,189.37,191.27
2024-09-17,2330,台積電,137443104,835.16,846.23,829.06,844.87
2024-09-17,2412,中華電,147528648,143.1,145.46,141.9,145.22
2024-09-17,2454,聯發科,144285803,1261.47,1267.89,1252.24,1252.71
2024-09-17,2881,富邦金,114333952,88.27,88.51,87.75,88.35
2024-09-17,2882,國泰金,120968697,66.09,66.39,65.84,66.27
2024-09-18,0050,元大台灣50,136003510,187.76,189.99,187.36,188.66
2024-09-18,2308,台達電,141567808,384.56,392.73,383.59,389.53
2024-09-18,2317,鴻海,96596043,191.27,192.65,190.3,191.57
2024-09-18,2330,台積電,107968070,844.87,848.95,837.57,844.78
2024-09-18,2412,中華電,79072520,145.22,145.96,144.99,145.01
2024-09-18,2454,聯發科,92932716,1252.71,1279.2,1241.95,1267.24
2024-09-18,2881,富邦金,102347498,88.35,88.55,87.05,87.77
2024-09-18,2882,國泰金,111005901,66.27,66.72,65.69,66.2
2024-09-19,0050,元大台灣50,94200502,188.66,190.12,187.01,189.54
2024-09-19,2308,台達電,75388614,389.53,390.56,383.39,384.82
2024-09-19,2317,鴻海,149113355,191.57,193.25,191.49,192.97
2024-09-19,2330,台積電,112651946,844.78,850.16,838.45,848.83
2024-09-19,2412,中華電,135290943,145.01,146.5,144.17,145.52
2024-09-19,2454,聯發科,74721246,1267.24,1273.29,1262.57,1271.97
2024-09-19,2881,富邦金,91455445,87.77,88.08,85.93,86.71
2024-09-19,2882,國泰金,74743003,66.2,66.62,66.02,66.08
2024-09-20,0050,元大台灣50,143949181,189.54,189.88,186.49,187.08
2024-09-20,2308,台達電,55338768,384.82,386.89,383.42,386.11
2024-09-20,2317,鴻海,93288238,192.97,193.89,190.23,191.67
2024-09-20,2330,台積電,76243168,848.83,854.63,837.95,841.21
2024-09-20,2412,中華電,132518015,145.52,146.38,144.26,145.16
2024-09-20,2454,聯發科,94754553,1271.97,1282.4,1250.5,1258.64
2024-09-20,2881,富邦金,65112599,86.71,87.47,86.48,86.76
2024-09-20,2882,國泰金,83399712,66.08,66.18,65.4,65.81
2024-09-23,0050,元大台灣50,65568845,187.08,187.67,185.32,185.34
2024-09-23,2308,台達電,71657278,386.11,387.35,385.62,386.76
2024-09-23,2317,鴻海,74256483,191.67,193.52,190.47,191.55
2024-09-23,2330,台積電,118892123,841.21,843.85,827.97,834.64
2024-09-23,2412,中華電,147917052,145.16,147.06,144.56,146.69
2024-09-23,2454,聯發科,76400403,1258.64,1269.1,1257.73,1268.62
2024-09-23,2881,富邦金,54456658,86.76,87.56,86.62,86.94
2024-09-23,2882,國泰金,50893256,65.81,66.32,64.86,64.9
2024-09-24,0050,元大台灣50,110709167,185.34,186.49,184.05,184.2
2024-09-24,2308,台達電,82429141,386.76,389.51,383.42,385.32
2024-09-24,2317,鴻海,129513383,191.55,193.27,190.5,190.84
2024-09-24,2330,台積電,127986092,834.64,839,824.23,831.42
2024-09-24,2412,中華電,62245454,146.69,148.02,143.58,144.74
2024-09-24,2454,聯發科,89719504,1268.62,1269.15,1255.01,1267.59
2024-09-24,2881,富邦金,136800679,86.94,87.24,85.77,85.94
2024-09-24,2882,國泰金,116791339,64.9,66.23,64.32,65.64
2024-09-25,0050,元大台灣50,50101097,184.2,185.65,181.12,181.85
2024-09-25,2308,台達電,111985292,385.32,389.35,384.16,385.94
2024-09-25,2317,鴻海,113123611,190.84,193.92,189.28,193.67
2024-09-25,2330,台積電,119537287,831.42,835.28,820.43,826.45
2024-09-25,2412,中華電,134563087,144.74,145.9,144.37,145.27
2024-09-25,2454,聯發科,55568148,1267.59,1270.07,1250.4,1251.7
2024-09-25,2881,富邦金,149838227,85.94,86.12,85.18,85.48
2024-09-25,2882,國泰金,139722831,65.64,66.12,64.51,65.15
2024-09-26,0050,元大台灣50,94809041,181.85,181.99,178.05,179.28
2024-09-26,2308,台達電,98850144,385.94,391.42,385.38,390.22
2024-09-26,2317,鴻海,149256760,193.67,195.24,192.01,193.96
2024-09-26,2330,台積電,139663815,826.45,835.43,824.55,834.25
2024-09-26,2412,中華電,84155187,145.27,145.45,143.93,144.82
2024-09-26,2454,聯發科,136594318,1251.7,1267.7,1246.12,1264.37
2024-09-26,2881,富邦金,145022616,85.48,85.84,84.1,84.38
2024-09-26,2882,國泰金,81680303,65.15,65.68,64.85,65.47
2024-09-27,0050,元大台灣50,123898330,179.28,179.6,176.31,177.85
2024-09-27,2308,台達電,129326603,390.22,392.61,384,386.21
2024-09-27,2317,鴻海,64189957,193.96,195.72,192.69,194.98
2024-09-27,2330,台積電,108826647,834.25,852.29,826.57,846.62
2024-09-27,2412,中華電,85806912,144.82,144.99,142.91,144.04
2024-09-27,2454,聯發科,84378859,1264.37,1283.44,1263.96,1275.97
2024-09-27,2881,富邦金,149597394,84.38,84.41,83.46,83.49
2024-09-27,2882,國泰金,60034297,65.47,65.57,64.71,65.25
2024-09-30,0050,元大台灣50,125690533,177.85,178.13,176.12,177.97
2024-09-30,2308,台達電,66886516,386.21,388.58,380.47,380.91
2024-09-30,2317,鴻海,149912538,194.98,198.52,193.57,197.66
2024-09-30,2330,台積電,145551427,846.62,846.92,833.06,835.67
2024-09-30,2412,中華電,98244492,144.04,144.96,142.06,142.83
2024-09-30,2454,聯發科,88753756,1275.97,1299.1,1272.13,1291.67
2024-09-30,2881,富邦金,129528312,83.49,83.69,82.95,83.67
2024-09-30,2882,國泰金,117329908,65.25,66.22,65.02,65.64
2024-10-01,0050,元大台灣50,129405890,177.97,180.87,177.11,180.13
2024-10-01,2308,台達電,87292581,380.91,382.49,378.73,379.71
2024-10-01,2317,鴻海,84422525,197.66,200.09,195.82,200.04
2024-10-01,2330,台積電,104425423,835.67,845.07,832.84,839.47
2024-10-01,2412,中華電,118071074,142.83,144.73,142.48,144.69
2024-10-01,2454,聯發科,101141744,1291.67,1298.64,1271.9,1277.01
2024-10-01,2881,富邦金,65097447,83.67,84.25,83.36,83.52
2024-10-01,2882,國泰金,145656618,65.64,66.56,65.39,66.48
2024-10-02,0050,元大台灣50,90992983,180.13,182.38,178.8,181.47
2024-10-02,2308,台達電,96025193,379.71,382.46,372.89,376.08
2024-10-02,2317,鴻海,137955592,200.04,200.82,199.63,200.41
2024-10-02,2330,台積電,134646732,839.47,845.7,823.74,831.41
2024-10-02,2412,中華電,148633748,144.69,145.3,142.55,142.73
2024-10-02,2454,聯發科,111669565,1277.01,1302.98,1273.66,1292.59
2024-10-02,2881,富邦金,120894571,83.52,83.88,82.53,82.89
2024-10-02,2882,國泰金,136783089,66.48,66.93,66.14,66.35
2024-10-03,0050,元大台灣50,110290645,181.47,184.11,181.05,183.21
2024-10-03,2308,台達電,129555211,376.08,381.38,374.83,380.24
2024-10-03,2317,鴻海,67318078,200.41,201.96,198.64,199.34
2024-10-03,2330,台積電,50719750,831.41,834.34,826.47,828.87
2024-10-03,2412,中華電,50432378,142.73,145.12,142.28,143.94
2024-10-03,2454,聯發科,144813459,1292.59,1302.6,1272.11,1276.59
2024-10-03,2881,富邦金,132789417,82.89,83.64,81.6,82.01
2024-10-03,2882,國泰金,75127752,66.35,66.39,64.83,65.43
2024-10-04,0050,元大台灣50,103703934,183.21,186.58,181.42,184.76
2024-10-04,2308,台達電,66407663,380.24,382.77,376.23,376.41
2024-10-04,2317,鴻海,86918071,199.34,201.93,197.99,200.63
2024-10-04,2330,台積電,66693926,828.87,833.39,814.13,819.58
2024-10-04,2412,中華電,85471530,143.94,145.3,141.98,142.25
2024-10-04,2454,聯發科,78096693,1276.59,1303.08,1264.1,1293.29
2024-10-04,2881,富邦金,93292366,82.01,83.28,81.72,82.66
2024-10-04,2882,國泰金,90031312,65.43,65.52,64.37,64.76
2024-10-07,0050,元大台灣50,62574135,184.76,186.43,182.17,182.51
2024-10-07,2308,台達電,83528580,376.41,381.9,375.8,380.73
2024-10-07,2317,鴻海,58584517,200.63,203.81,200.41,202.75
2024-10-07,2330,台積電,115842304,819.58,825.81,815.55,824.84
2024-10-07,2412,中華電,110154267,142.25,143.26,141.32,142.18
2024-10-07,2454,聯發科,103541953,1293.29,1296.84,1280.03,1284.07
2024-10-07,2881,富邦金,55597900,82.66,82.76,81.68,82.49
2024-10-07,2882,國泰金,88831781,64.76,65.32,63.68,63.86
2024-10-08,0050,元大台灣50,119344941,182.51,184.83,182.33,183.01
2024-10-08,2308,台達電,90071971,380.73,383.69,380.18,380.21
2024-10-08,2317,鴻海,66235220,202.75,203.87,199.91,201.22
2024-10-08,2330,台積電,143981808,824.84,840.97,822.63,834.45
2024-10-08,2412,中華電,53906213,142.18,144.88,141.39,144.21
2024-10-08,2454,聯發科,116856512,1284.07,1294.93,1264.16,1273.02
2024-10-08,2881,富邦金,56751640,82.49,83.03,82.3,82.61
2024-10-08,2882,國泰金,71503562,63.86,64.56,63.66,63.92
2024-10-09,0050,元大台灣50,95430922,183.01,183.64,182.13,183.6
2024-10-09,2308,台達電,95357858,380.21,381.72,376.12,379.92
2024-10-09,2317,鴻海,74516288,201.22,201.33,197.9,198.74
2024-10-09,2330,台積電,103469535,834.45,840.15,826.53,831.52
2024-10-09,2412,中華電,149893143,144.21,145.16,142.9,144.97
2024-10-09,2454,聯發科,69306616,1273.02,1296.4,1272.52,1291.59
2024-10-09,2881,富邦金,104025614,82.61,82.84,81.13,81.76
2024-10-09,2882,國泰金,98731910,63.92,64.19,63.03,63.65
2024-10-10,0050,元大台灣50,110429229,183.6,183.93,180.56,181.65
2024-10-10,2308,台達電,130588003,379.92,381.45,376.44,376.47
2024-10-10,2317,鴻海,97560141,198.74,201.61,197.62,201.15
2024-10-10,2330,台積電,74611063,831.52,837.81,829.54,832.6
2024-10-10,2412,中華電,145493775,144.97,145.52,144.46,145.29
2024-10-10,2454,聯發科,54962182,1291.59,1305.58,1284.49,1298.14
2024-10-10,2881,富邦金,117665947,81.76,82.21,81.38,81.51
2024-10-10,2882,國泰金,110966612,63.65,64.44,63.65,63.97
2024-10-11,0050,元大台灣50,141208681,181.65,183.86,180.64,182.66
2024-10-11,2308,台達電,103789326,376.47,383.38,374.89,381.98
2024-10-11,2317,鴻海,104453398,201.15,201.78,197.28,199.08
2024-10-11,2330,台積電,110937342,832.6,838.66,830.15,837.72
2024-10-11,2412,中華電,66488073,145.29,146.94,144.4,146.38
2024-10-11,2454,聯發科,107231566,1298.14,1309.25,1281.7,1288.23
2024-10-11,2881,富邦金,69061984,81.51,82.13,80.65,81.32
2024-10-11,2882,國泰金,103598400,63.97,64.29,63.49,63.66
2024-10-14,0050,元大台灣50,121204149,182.66,183.6,182.23,182.7
2024-10-14,2308,台達電,59302278,381.98,382.41,378.55,381
2024-10-14,2317,鴻海,112770463,199.08,200.51,198.85,199.27
2024-10-14,2330,台積電,85176573,837.72,844.16,837.35,839.74
2024-10-14,2412,中華電,111006949,146.38,148.92,145.59,147.77
2024-10-14,2454,聯發科,72112662,1288.23,1300.75,1268.52,1273.01
2024-10-14,2881,富邦金,130444809,81.32,82.52,80.64,82
2024-10-14,2882,國泰金,127269588,63.66,64.25,62.96,63.56
2024-10-15,0050,元大台灣50,130811946,182.7,184.51,180.62,181.09
2024-10-15,2308,台達電,72529172,381,383.19,378.9,382.03
2024-10-15,2317,鴻海,53271921,199.27,200.28,198.43,198.87
2024-10-15,2330,台積電,123253502,839.74,839.97,825.39,829.88
2024-10-15,2412,中華電,118118998,147.77,149.1,146.82,147.93
2024-10-15,2454,聯發科,126198677,1273.01,1279.14,1264.02,1277.01
2024-10-15,2881,富邦金,57026270,82,82.66,80.97,81.43
2024-10-15,2882,國泰金,66599676,63.56,63.64,62.61,63.1
2024-10-16,0050,元大台灣50,84556549,181.09,181.29,179.69,180.07
2024-10-16,2308,台達電,85012994,382.03,387.97,380.51,384.66
2024-10-16,2317,鴻海,130779142,198.87,201.36,197.66,199.84
2024-10-16,2330,台積電,69770439,829.88,835.02,825.56,825.94
2024-10-16,2412,中華電,101454700,147.93,150.39,147.74,149.6
2024-10-16,2454,聯發科,79660489,1277.01,1281.88,1270.55,1271.24
2024-10-16,2881,富邦金,102213543,81.43,81.95,80.65,81.17
2024-10-16,2882,國泰金,87913166,63.1,63.27,62.69,63.13
2024-10-17,0050,元大台灣50,62996865,180.07,180.5,177.68,178.12
2024-10-17,2308,台達電,54701561,384.66,387.32,383.77,384.65
2024-10-17,2317,鴻海,109822300,199.84,200.34,197.48,199.26
2024-10-17,2330,台積電,65915645,825.94,829.21,818.75,822.27
2024-10-17,2412,中華電,83820813,149.6,150.03,148.73,149.39
2024-10-17,2454,聯發科,129277988,1271.24,1274.61,1263,1264.66
2024-10-17,2881,富邦金,82289940,81.17,81.67,80.41,81.48
2024-10-17,2882,國泰金,96609806,63.13,63.84,62.99,63.37
2024-10-18,0050,元大台灣50,146023430,178.12,178.74,176.61,178.66
2024-10-18,2308,台達電,126037267,384.65,388.68,383.53,385.61
2024-10-18,2317,鴻海,90982980,199.26,200.91,197.74,198
2024-10-18,2330,台積電,59566627,822.27,831.93,819.61,826.86
2024-10-18,2412,中華電,135053773,149.39,152.75,148.52,151.43
2024-10-18,2454,聯發科,73838929,1264.66,1265.5,1241.51,1247.07
2024-10-18,2881,富邦金,97429177,81.48,82.81,81.26,82
2024-10-18,2882,國泰金,102746624,63.37,64.04,63.17,63.87
2024-10-21,0050,元大台灣50,128821286,178.66,180.2,176.01,177.22
2024-10-21,2308,台達電,142752288,385.61,389.29,385.6,389.21
2024-10-21,2317,鴻海,114830702,198,201.2,197.61,199.35
2024-10-21,2330,台積電,63083738,826.86,838.78,826.42,836.05
2024-10-21,2412,中華電,119032836,151.43,151.93,150.51,151.72
2024-10-21,2454,聯發科,127914877,1247.07,1253.66,1246.31,1248.62
2024-10-21,2881,富邦金,103676130,82,82.33,80.88,81.6
2024-10-21,2882,國泰金,119499201,63.87,65.04,63.41,64.67
2024-10-22,0050,元大台灣50,100880862,177.22,178.2,176.57,176.76
2024-10-22,2308,台達電,50358863,389.21,393.49,386.74,393.2
2024-10-22,2317,鴻海,52804477,199.35,199.47,196.63,197.94
2024-10-22,2330,台積電,64942604,836.05,842.23,826.85,827.75
2024-10-22,2412,中華電,148365807,151.72,152.82,150.31,150.73
2024-10-22,2454,聯發科,117793350,1248.62,1249.09,1225.65,1235.37
2024-10-22,2881,富邦金,65493336,81.6,82.27,80.38,81.04
2024-10-22,2882,國泰金,142301624,64.67,64.81,63.25,63.68
2024-10-23,0050,元大台灣50,137270415,176.76,176.94,174.52,176
2024-10-23,2308,台達電,107102938,393.2,396.31,386.46,390.31
2024-10-23,2317,鴻海,75843889,197.94,199.09,196.19,196.74
2024-10-23,2330,台積電,107583183,827.75,835.63,814.97,822.29
2024-10-23,2412,中華電,73879777,150.73,152.82,149.53,152.79
2024-10-23,2454,聯發科,84752232,1235.37,1247.83,1227.45,1242.01
2024-10-23,2881,富邦金,140888687,81.04,81.67,79.91,80.32
2024-10-23,2882,國泰金,60611793,63.68,64.22,62.87,62.9
2024-10-24,0050,元大台灣50,148576835,176,177.71,175.31,175.83
2024-10-24,2308,台達電,119171632,390.31,392.8,387.95,391.93
2024-10-24,2317,鴻海,123457881,196.74,199.7,195.4,198.39
2024-10-24,2330,台積電,59542541,822.29,827.34,818.45,827.11
2024-10-24,2412,中華電,56765009,152.79,155.41,151.45,154
2024-10-24,2454,聯發科,73617073,1242.01,1246.26,1218.52,1226.74
2024-10-24,2881,富邦金,81525456,80.32,81.33,80.25,80.78
2024-10-24,2882,國泰金,126022522,62.9,63.35,62.41,62.48
2024-10-25,0050,元大台灣50,113675885,175.83,176.42,174.43,176.41
2024-10-25,2308,台達電,111786536,391.93,394.23,385.63,387.22
2024-10-25,2317,鴻海,87131646,198.39,200.4,197.09,198.83
2024-10-25,2330,台積電,118577261,827.11,832.36,823.92,828.79
2024-10-25,2412,中華電,114872706,154,155.03,151.79,151.82
2024-10-25,2454,聯發科,110502477,1226.74,1244.85,1226.43,1242.64
2024-10-25,2881,富邦金,144883649,80.78,81,79.09,79.77
2024-10-25,2882,國泰金,72740358,62.48,63.74,62.03,63.12
2024-10-28,0050,元大台灣50,127564625,176.41,176.86,172.69,174.18
2024-10-28,2308,台達電,132281753,387.22,390.05,378.04,381.24
2024-10-28,2317,鴻海,93766968,198.83,200.96,197.4,199.63
2024-10-28,2330,台積電,77894895,828.79,840.98,822.87,836
2024-10-28,2412,中華電,55934336,151.82,151.93,150.64,150.9
2024-10-28,2454,聯發科,111950948,1242.64,1254.42,1237.92,1242.17
2024-10-28,2881,富邦金,52046243,79.77,81.6,79.23,80.82
2024-10-28,2882,國泰金,51896465,63.12,64.07,63.02,63.95
2024-10-29,0050,元大台灣50,128899340,174.18,175.06,173.49,173.71
2024-10-29,2308,台達電,80437099,381.24,384.03,379.19,383.08
2024-10-29,2317,鴻海,114330022,199.63,201.31,197.67,197.91
2024-10-29,2330,台積電,83439020,836,841.3,822.49,827.68
2024-10-29,2412,中華電,110632938,150.9,152.27,148.14,149.61
2024-10-29,2454,聯發科,89558104,1242.17,1244.14,1238.48,1238.74
2024-10-29,2881,富邦金,92317421,80.82,81.21,80.1,80.67
2024-10-29,2882,國泰金,57271198,63.95,64.09,63.51,63.82
2024-10-30,0050,元大台灣50,124823453,173.71,174.05,170.24,171.52
2024-10-30,2308,台達電,93590805,383.08,383.96,378.1,380.06
2024-10-30,2317,鴻海,119621476,197.91,198.98,195.08,196.11
2024-10-30,2330,台積電,56014400,827.68,828.58,815.14,819.94
2024-10-30,2412,中華電,121592104,149.61,150.67,147.53,147.6
2024-10-30,2454,聯發科,91205184,1238.74,1256.85,1228.85,1247.03
2024-10-30,2881,富邦金,121428758,80.67,81.22,80.06,80.8
2024-10-30,2882,國泰金,75470005,63.82,64.78,63.79,64.35
2024-10-31,0050,元大台灣50,145955253,171.52,174.43,171.42,172.76
2024-10-31,2308,台達電,114262860,380.06,382.25,378.42,379.44
2024-10-31,2317,鴻海,96778839,196.11,197.8,192.41,194.02
2024-10-31,2330,台積電,123312440,819.94,835.34,816.02,827.22
2024-10-31,2412,中華電,113055020,147.6,147.68,145.65,145.91
2024-10-31,2454,聯發科,149150054,1247.03,1259.03,1227.72,1232.7
2024-10-31,2881,富邦金,118363114,80.8,82.23,80.41,81.86
2024-10-31,2882,國泰金,148863388,64.35,64.98,63.51,63.59
2024-11-01,0050,元大台灣50,57500773,172.76,173.7,170.93,171.14
2024-11-01,2308,台達電,59691388,379.44,381.21,376.46,379.55
2024-11-01,2317,鴻海,146435300,194.02,195.93,192.91,193.61
2024-11-01,2330,台積電,50521287,827.22,832.47,819.24,830
2024-11-01,2412,中華電,101300302,145.91,146.47,144.82,145.84
2024-11-01,2454,聯發科,56748826,1232.7,1242.91,1213.03,1216.58
2024-11-01,2881,富邦金,70479326,81.86,82.65,81.18,81.76
2024-11-01,2882,國泰金,127193466,63.59,64.45,63.17,64.34
2024-11-04,0050,元大台灣50,78522811,171.14,172.07,170.62,170.76
2024-11-04,2308,台達電,59191094,379.55,382.55,376.12,376.94
2024-11-04,2317,鴻海,54754968,193.61,194.84,192.07,192.17
2024-11-04,2330,台積電,105971013,830,837.23,823.88,829.73
2024-11-04,2412,中華電,96933504,145.84,148.15,144.79,147.49
2024-11-04,2454,聯發科,142187135,1216.58,1225.03,1202.94,1205.5
2024-11-04,2881,富邦金,54258965,81.76,83.36,81.63,82.69
2024-11-04,2882,國泰金,53480135,64.34,64.9,63.75,64.89
2024-11-05,0050,元大台灣50,74573817,170.76,173.42,169.17,171.91
2024-11-05,2308,台達電,96768262,376.94,382.93,374.71,379.65
2024-11-05,2317,鴻海,50745767,192.17,193.4,188.87,190.5
2024-11-05,2330,台積電,118597267,829.73,830.25,825.09,828.42
2024-11-05,2412,中華電,133256056,147.49,148.58,145.44,145.96
2024-11-05,2454,聯發科,52555078,1205.5,1213.41,1194.48,1208.83
2024-11-05,2881,富邦金,64235434,82.69,83.68,82.1,83.4
2024-11-05,2882,國泰金,147491347,64.89,65.32,63.83,64.26
2024-11-06,0050,元大台灣50,133990509,171.91,174.07,171.9,173.28
2024-11-06,2308,台達電,85165727,379.65,380.31,374.61,376.28
2024-11-06,2317,鴻海,129950837,190.5,192.03,188.76,191.18
2024-11-06,2330,台積電,96178916,828.42,832.98,810.88,816.92
2024-11-06,2412,中華電,110122817,145.96,147.35,145.06,145.18
2024-11-06,2454,聯發科,118365053,1208.83,1214.85,1185.28,1193.55
2024-11-06,2881,富邦金,66412450,83.4,84.42,83.32,84.37
2024-11-06,2882,國泰金,119202078,64.26,64.31,63.31,63.78
2024-11-07,0050,元大台灣50,60316479,173.28,173.94,172.2,172.98
2024-11-07,2308,台達電,53309342,376.28,382.6,373.98,381.21
2024-11-07,2317,鴻海,78101565,191.18,192.83,190.35,192.76
2024-11-07,2330,台積電,56537268,816.92,817.39,803.48,809.58
2024-11-07,2412,中華電,148660340,145.18,146.15,143.37,143.5
2024-11-07,2454,聯發科,98737273,1193.55,1205.06,1178.03,1181.9
2024-11-07,2881,富邦金,137720846,84.37,85.53,83.96,85.14
2024-11-07,2882,國泰金,88311713,63.78,65.14,63.15,64.57
2024-11-08,0050,元大台灣50,120004859,172.98,173.8,170.61,171.55
2024-11-08,2308,台達電,115030337,381.21,384.04,378.41,383.97
2024-11-08,2317,鴻海,95114689,192.76,194.24,190.84,192.51
2024-11-08,2330,台積電,57513549,809.58,817.45,799.89,806.75
2024-11-08,2412,中華電,146402799,143.5,144.05,141.23,141.84
2024-11-08,2454,聯發科,59950074,1181.9,1187.84,1173.53,1182.83
2024-11-08,2881,富邦金,88709182,85.14,85.32,83.6,84.26
2024-11-08,2882,國泰金,81796670,64.57,65.13,63.95,64.29
2024-11-11,0050,元大台灣50,131158917,171.55,175.28,170.96,173.61
2024-11-11,2308,台達電,132217655,383.97,386.64,377.5,380.24
2024-11-11,2317,鴻海,146558930,192.51,195.35,191.66,194
2024-11-11,2330,台積電,67218466,806.75,810.82,799.18,806.9
2024-11-11,2412,中華電,145903579,141.84,142.2,141.11,141.97
2024-11-11,2454,聯發科,118652465,1182.83,1190.26,1182.55,1183.47
2024-11-11,2881,富邦金,117519231,84.26,84.64,84.02,84.43
2024-11-11,2882,國泰金,112278447,64.29,64.85,63.28,63.71
2024-11-12,0050,元大台灣50,74873234,173.61,174.15,172.35,172.8
2024-11-12,2308,台達電,93376168,380.24,381.64,372.61,374.58
2024-11-12,2317,鴻海,128043340,194,194.6,193.94,194.31
2024-11-12,2330,台積電,111422763,806.9,811.39,804.4,810.91
2024-11-12,2412,中華電,89732004,141.97,142.66,140.15,140.5
2024-11-12,2454,聯發科,109599676,1183.47,1195.16,1172.09,1175.82
2024-11-12,2881,富邦金,133404414,84.43,85.15,83.6,83.94
2024-11-12,2882,國泰金,111965824,63.71,64.25,63.1,63.94
2024-11-13,0050,元大台灣50,132395343,172.8,175.95,172.08,174.46
2024-11-13,2308,台達電,101046973,374.58,375.08,368.44,371.63
2024-11-13,2317,鴻海,134596873,194.31,196.25,194.21,194.59
2024-11-13,2330,台積電,149038461,810.91,813.92,806.59,811.95
2024-11-13,2412,中華電,87293433,140.5,141.24,139.1,139.4
2024-11-13,2454,聯發科,98667021,1175.82,1185.21,1157.83,1159.26
2024-11-13,2881,富邦金,144469827,83.94,84.69,82.72,83.04
2024-11-13,2882,國泰金,147662577,63.94,64.5,63.6,64.05
2024-11-14,0050,元大台灣50,82722497,174.46,176.05,171.9,173.05
2024-11-14,2308,台達電,132929564,371.63,372,366.31,369.33
2024-11-14,2317,鴻海,72744717,194.59,194.88,194.19,194.47
2024-11-14,2330,台積電,132242753,811.95,818.84,797.84,799.37
2024-11-14,2412,中華電,50166274,139.4,140.41,137.36,138.24
2024-11-14,2454,聯發科,71495129,1159.26,1167.94,1136.07,1144.38
2024-11-14,2881,富邦金,146456338,83.04,83.3,81.33,81.95
2024-11-14,2882,國泰金,89127935,64.05,64.83,63.69,64.3
2024-11-15,0050,元大台灣50,113546388,173.05,174.01,172.3,172.87
2024-11-15,2308,台達電,144989855,369.33,370.32,367.22,367.46
2024-11-15,2317,鴻海,72620975,194.47,196.1,193.38,195.56
2024-11-15,2330,台積電,144263710,799.37,804.91,789.38,792.87
2024-11-15,2412,中華電,63285317,138.24,138.42,137.42,137.71
2024-11-15,2454,聯發科,114407587,1144.38,1160.36,1142.8,1154.18
2024-11-15,2881,富邦金,109877757,81.95,82.56,80.5,80.9
2024-11-15,2882,國泰金,93397924,64.3,64.78,63.77,64.78
2024-11-18,0050,元大台灣50,138567552,172.87,174.21,172.82,173.99
2024-11-18,2308,台達電,111312081,367.46,373.66,367.19,371.3
2024-11-18,2317,鴻海,83094706,195.56,197.41,193.23,194.28
2024-11-18,2330,台積電,71022230,792.87,802.69,787.68,795.31
2024-11-18,2412,中華電,115761750,137.71,138.03,135.1,136.33
2024-11-18,2454,聯發科,52817959,1154.18,1159.51,1142.85,1153.12
2024-11-18,2881,富邦金,135725760,80.9,81.83,80.49,81.28
2024-11-18,2882,國泰金,114865650,64.78,65.3,63.46,63.75
2024-11-19,0050,元大台灣50,60313947,173.99,174.96,171.81,172.15
2024-11-19,2308,台達電,87397541,371.3,373.76,362.96,366.14
2024-11-19,2317,鴻海,101976106,194.28,195.59,191.38,193.2
2024-11-19,2330,台積電,141009983,795.31,798.89,794.78,796.89
2024-11-19,2412,中華電,65673622,136.33,138.3,135.62,138.21
2024-11-19,2454,聯發科,51891500,1153.12,1170.37,1152.73,1164.34
2024-11-19,2881,富邦金,112028121,81.28,82.18,80.83,81.46
2024-11-19,2882,國泰金,116069744,63.75,63.95,63.63,63.75
2024-11-20,0050,元大台灣50,98965377,172.15,173.48,171.53,172.3
2024-11-20,2308,台達電,69268059,366.14,369.22,361.27,361.66
2024-11-20,2317,鴻海,116303900,193.2,194.77,191.99,194.06
2024-11-20,2330,台積電,92989872,796.89,811.77,794.83,805.5
2024-11-20,2412,中華電,92919564,138.21,139.35,136.47,136.82
2024-11-20,2454,聯發科,114055001,1164.34,1170.56,1154.13,1156.04
2024-11-20,2881,富邦金,142042894,81.46,83.03,80.86,82.37
2024-11-20,2882,國泰金,55737350,63.75,64.12,62.53,62.83
2024-11-21,0050,元大台灣50,93138317,172.3,175.82,170.63,174.46
2024-11-21,2308,台達電,112814611,361.66,363.35,359.59,360.91
2024-11-21,2317,鴻海,141233012,194.06,198.14,192.32,196.56
2024-11-21,2330,台積電,99747975,805.5,811.99,803.3,804.78
2024-11-21,2412,中華電,88762405,136.82,138.82,135.5,137.63
2024-11-21,2454,聯發科,89746953,1156.04,1165.44,1142.75,1150.53
2024-11-21,2881,富邦金,89722413,82.37,84.24,82.34,83.47
2024-11-21,2882,國泰金,95427922,62.83,63.88,62.55,63.63
2024-11-22,0050,元大台灣50,65028408,174.46,175.16,172.16,173.01
2024-11-22,2308,台達電,63030382,360.91,364.33,356.25,357.66
2024-11-22,2317,鴻海,133553641,196.56,196.63,192.32,193.56
2024-11-22,2330,台積電,83712171,804.78,809.81,803.53,804.1
2024-11-22,2412,中華電,87493371,137.63,139.75,137.09,138.61
2024-11-22,2454,聯發科,115907586,1150.53,1150.77,1127.53,1135.59
2024-11-22,2881,富邦金,112761185,83.47,84.06,82.64,83.62
2024-11-22,2882,國泰金,137718254,63.63,64.2,62.87,63.2
2024-11-25,0050,元大台灣50,83467325,173.01,174.32,170.12,170.39
2024-11-25,2308,台達電,102611869,357.66,360.02,352.35,353.6
2024-11-25,2317,鴻海,127826762,193.56,194.93,192.59,194.43
2024-11-25,2330,台積電,95411573,804.1,817.34,797.16,815.05
2024-11-25,2412,中華電,72339644,138.61,138.75,136.76,136.93
2024-11-25,2454,聯發科,98711106,1135.59,1141.76,1122.9,1125.37
2024-11-25,2881,富邦金,121357640,83.62,84.04,83.23,84.02
2024-11-25,2882,國泰金,137356623,63.2,64.02,62.66,63.55
2024-11-26,0050,元大台灣50,55638544,170.39,172.04,167.32,168.31
2024-11-26,2308,台達電,105701174,353.6,357.01,349.92,351.11
2024-11-26,2317,鴻海,115799871,194.43,198.73,193.74,197.16
2024-11-26,2330,台積電,143713444,815.05,821.92,804.42,810.05
2024-11-26,2412,中華電,73682797,136.93,139.27,135.9,137.95
2024-11-26,2454,聯發科,53360123,1125.37,1132.45,1117.92,1119.51
2024-11-26,2881,富邦金,75234633,84.02,84.77,82.9,83.02
2024-11-26,2882,國泰金,149830007,63.55,64,63.31,63.74
2024-11-27,0050,元大台灣50,129219328,168.31,169.28,164.47,165.63
2024-11-27,2308,台達電,146466408,351.11,355.09,347.6,352.22
2024-11-27,2317,鴻海,124559983,197.16,198.92,195.14,196.9
2024-11-27,2330,台積電,69950508,810.05,811.63,790.32,797.74
2024-11-27,2412,中華電,116983179,137.95,138.45,135.8,136.71
2024-11-27,2454,聯發科,50119481,1119.51,1124.4,1104.78,1113
2024-11-27,2881,富邦金,129566065,83.02,83.85,82.67,82.99
2024-11-27,2882,國泰金,95386698,63.74,64.4,63.33,63.81
2024-11-28,0050,元大台灣50,116427448,165.63,167.03,164.04,166.36
2024-11-28,2308,台達電,110730128,352.22,352.27,347.7,350.88
2024-11-28,2317,鴻海,63016390,196.9,199.04,196.33,197.92
2024-11-28,2330,台積電,88476493,797.74,804.88,789.56,795.52
2024-11-28,2412,中華電,147541431,136.71,138,135.67,137.43
2024-11-28,2454,聯發科,71106843,1113,1129.38,1104.44,1121.95
2024-11-28,2881,富邦金,54926030,82.99,84.03,82.97,83.7
2024-11-28,2882,國泰金,123452972,63.81,65.01,63.35,64.39
2024-11-29,0050,元大台灣50,144690963,166.36,167.53,163.87,165.46
2024-11-29,2308,台達電,65715557,350.88,353.83,347.91,349.57
2024-11-29,2317,鴻海,118889871,197.92,198.91,196.7,197.66
2024-11-29,2330,台積電,139443138,795.52,799.43,782.32,787.48
2024-11-29,2412,中華電,139890622,137.43,138.07,134.89,135.56
2024-11-29,2454,聯發科,64811456,1121.95,1123.7,1108.97,1109.57
2024-11-29,2881,富邦金,59642247,83.7,83.91,83.3,83.72
2024-11-29,2882,國泰金,106028627,64.39,65.43,64.24,65.2
2024-12-02,0050,元大台灣50,94116318,165.46,166.97,164.27,165.71
2024-12-02,2308,台達電,134577519,349.57,352.82,347.83,352.22
2024-12-02,2317,鴻海,105991491,197.66,198.22,195.97,196.92
2024-12-02,2330,台積電,92061549,787.48,793.41,786.24,787.23
2024-12-02,2412,中華電,110015181,135.56,136.88,133.18,133.43
2024-12-02,2454,聯發科,97029727,1109.57,1122.99,1103.12,1116.65
2024-12-02,2881,富邦金,113818852,83.72,85.34,83.43,84.8
2024-12-02,2882,國泰金,66170003,65.2,66.19,65.06,66.1
2024-12-03,0050,元大台灣50,126358045,165.71,166.24,162.46,163.6
2024-12-03,2308,台達電,75314937,352.22,354.46,347.36,347.41
2024-12-03,2317,鴻海,76620669,196.92,198.23,195.95,196.89
2024-12-03,2330,台積電,111567750,787.23,794.78,781.72,794.03
2024-12-03,2412,中華電,80256205,133.43,134.9,132.79,134.48
2024-12-03,2454,聯發科,119741183,1116.65,1120.66,1094.51,1100.85
2024-12-03,2881,富邦金,64363377,84.8,85.24,84.71,84.94
2024-12-03,2882,國泰金,137898660,66.1,66.35,65.19,65.59
2024-12-04,0050,元大台灣50,51391265,163.6,165.96,163.25,164.44
2024-12-04,2308,台達電,147275049,347.41,352.13,346.19,351.47
2024-12-04,2317,鴻海,82973877,196.89,198.23,193.66,195.05
2024-12-04,2330,台積電,112037985,794.03,801.23,788.66,789.61
2024-12-04,2412,中華電,128816250,134.48,135.39,133.72,135.3
2024-12-04,2454,聯發科,55699259,1100.85,1110.33,1088.39,1092.37
2024-12-04,2881,富邦金,139947825,84.94,85.28,83.6,84.44
2024-12-04,2882,國泰金,117832017,65.59,65.76,64.71,65.3
2024-12-05,0050,元大台灣50,97598724,164.44,164.54,164.32,164.53
2024-12-05,2308,台達電,104890413,351.47,357.62,350.07,356.04
2024-12-05,2317,鴻海,79774120,195.05,198.19,194.24,197.42
2024-12-05,2330,台積電,77713603,789.61,792.9,779.86,784.93
2024-12-05,2412,中華電,53821505,135.3,135.79,135.17,135.76
2024-12-05,2454,聯發科,112846053,1092.37,1101.49,1084.24,1100.97
2024-12-05,2881,富邦金,135520187,84.44,84.87,83.92,83.97
2024-12-05,2882,國泰金,60617786,65.3,65.85,64.25,64.72
2024-12-06,0050,元大台灣50,76272698,164.53,164.71,162.44,163.96
2024-12-06,2308,台達電,70995227,356.04,357.1,350.45,351.02
2024-12-06,2317,鴻海,86871284,197.42,199.48,196.48,198.21
2024-12-06,2330,台積電,115213299,784.93,793.13,780.53,792.09
2024-12-06,2412,中華電,70725595,135.76,137.98,135.66,136.87
2024-12-06,2454,聯發科,85900936,1100.97,1113.21,1094.69,1112.04
2024-12-06,2881,富邦金,91896811,83.97,85.64,83.15,85.06
2024-12-06,2882,國泰金,101872651,64.72,65.29,64.3,64.33
2024-12-09,0050,元大台灣50,149915642,163.96,165.34,162.74,164.03
2024-12-09,2308,台達電,55189248,351.02,354.06,347.66,353.16
2024-12-09,2317,鴻海,117038467,198.21,198.46,195.02,196.48
2024-12-09,2330,台積電,73549639,792.09,793.99,783.08,790.65
2024-12-09,2412,中華電,91600626,136.87,138.42,136.7,137.33
2024-12-09,2454,聯發科,78739816,1112.04,1117.81,1099.5,1102.89
2024-12-09,2881,富邦金,56367586,85.06,85.89,84.61,84.64
2024-12-09,2882,國泰金,56807713,64.33,64.83,62.93,63.4
2024-12-10,0050,元大台灣50,104316120,164.03,164.87,162.62,164.64
2024-12-10,2308,台達電,99759542,353.16,355.5,352.54,353.24
2024-12-10,2317,鴻海,68400005,196.48,199.67,194.99,198.4
2024-12-10,2330,台積電,67885653,790.65,795.89,783.11,790.03
2024-12-10,2412,中華電,132868113,137.33,139.01,136.16,138.67
2024-12-10,2454,聯發科,138739386,1102.89,1107.51,1088.84,1098.15
2024-12-10,2881,富邦金,148088490,84.64,85.41,83.44,84.19
2024-12-10,2882,國泰金,88335862,63.4,63.94,61.78,62.4
2024-12-11,0050,元大台灣50,59193266,164.64,165.61,163.34,164.27
2024-12-11,2308,台達電,146661153,353.24,360.15,351.6,357.57
2024-12-11,2317,鴻海,125868885,198.4,200.12,194.67,195.55
2024-12-11,2330,台積電,144035119,790.03,804.63,784,799.52
2024-12-11,2412,中華電,61240903,138.67,138.91,137.1,137.63
2024-12-11,2454,聯發科,96362661,1098.15,1119.48,1093.6,1109.4
2024-12-11,2881,富邦金,75318617,84.19,84.39,82.92,83.7
2024-12-11,2882,國泰金,141274312,62.4,62.79,61.93,62.54
2024-12-12,0050,元大台灣50,113911376,164.27,166.25,164.26,165.82
2024-12-12,2308,台達電,68740272,357.57,359.89,351.32,353.07
2024-12-12,2317,鴻海,129356334,195.55,197.09,192.03,193.67
2024-12-12,2330,台積電,123563324,799.52,800.92,784.15,787.94
2024-12-12,2412,中華電,139063401,137.63,137.73,135.54,136.01
2024-12-12,2454,聯發科,142215756,1109.4,1112.54,1091.98,1102.89
2024-12-12,2881,富邦金,73933418,83.7,84.03,82.09,82.9
2024-12-12,2882,國泰金,120725452,62.54,63.29,62.41,63
2024-12-13,0050,元大台灣50,79848814,165.82,168.49,165.54,167.79
2024-12-13,2308,台達電,87650598,353.07,354.99,348.6,351.9
2024-12-13,2317,鴻海,108179774,193.67,197.25,193.53,195.73
2024-12-13,2330,台積電,78335912,787.94,793.79,778.69,781.56
2024-12-13,2412,中華電,75613881,136.01,136.77,133.7,134.97
2024-12-13,2454,聯發科,134793698,1102.89,1105.22,1101.87,1103.06
2024-12-13,2881,富邦金,83710051,82.9,84.07,82.24,83.62
2024-12-13,2882,國泰金,135202291,63,63.36,61.72,62.02
2024-12-16,0050,元大台灣50,93562757,167.79,168.34,164.94,166.21
2024-12-16,2308,台達電,80336233,351.9,354.92,348.6,349.21
2024-12-16,2317,鴻海,71120446,195.73,197.45,192.66,194.09
2024-12-16,2330,台積電,53826992,781.56,784.18,780.02,780.05
2024-12-16,2412,中華電,123078237,134.97,135.48,133.47,133.79
2024-12-16,2454,聯發科,84420252,1103.06,1104.29,1098.94,1103.82
2024-12-16,2881,富邦金,87838733,83.62,84.86,83.47,84.59
2024-12-16,2882,國泰金,95321359,62.02,62.89,61.42,62.42
2024-12-17,0050,元大台灣50,125600323,166.21,167.35,165.89,167.14
2024-12-17,2308,台達電,129627533,349.21,351.83,343.16,345.45
2024-12-17,2317,鴻海,65389852,194.09,195.37,192.24,194.12
2024-12-17,2330,台積電,134842246,780.05,783.42,772.74,778.82
2024-12-17,2412,中華電,90992738,133.79,134.76,133.48,134.16
2024-12-17,2454,聯發科,85941100,1103.82,1122.8,1093.1,1115.31
2024-12-17,2881,富邦金,132376977,84.59,85.2,83.68,84.25
2024-12-17,2882,國泰金,94368832,62.42,62.6,61.46,61.68
2024-12-18,0050,元大台灣50,96543674,167.14,169,166.24,167.98
2024-12-18,2308,台達電,74900563,345.45,345.97,339.11,341.65
2024-12-18,2317,鴻海,105001706,194.12,194.57,191.83,192.29
2024-12-18,2330,台積電,64826410,778.82,785.5,771.37,775.39
2024-12-18,2412,中華電,74312883,134.16,136.75,132.97,135.84
2024-12-18,2454,聯發科,67983010,1115.31,1128.5,1113.81,1126.33
2024-12-18,2881,富邦金,70778443,84.25,84.41,82.93,83.09
2024-12-18,2882,國泰金,140429672,61.68,62.2,61.04,61.36
2024-12-19,0050,元大台灣50,69419123,167.98,168.3,166.09,166.39
2024-12-19,2308,台達電,119150121,341.65,343.71,334.15,336.5
2024-12-19,2317,鴻海,63763723,192.29,193.02,190.8,192.64
2024-12-19,2330,台積電,105632847,775.39,788.07,767.75,780.41
2024-12-19,2412,中華電,58703843,135.84,136.34,134.55,134.59
2024-12-19,2454,聯發科,60036795,1126.33,1133.34,1115.72,1126.29
2024-12-19,2881,富邦金,68415417,83.09,83.43,81.59,81.94
2024-12-19,2882,國泰金,93313542,61.36,61.59,61.02,61.19
2024-12-20,0050,元大台灣50,90968323,166.39,168.04,166.39,167.39
2024-12-20,2308,台達電,78835643,336.5,338.02,335.36,337.96
2024-12-20,2317,鴻海,75114543,192.64,196.06,192.44,194.6
2024-12-20,2330,台積電,145144046,780.41,784.18,770.13,774.56
2024-12-20,2412,中華電,83867106,134.59,135.94,134.01,134.61
2024-12-20,2454,聯發科,81033340,1126.29,1140.75,1116.12,1130.8
2024-12-20,2881,富邦金,117965202,81.94,82.01,80.75,81.45
2024-12-20,2882,國泰金,110624950,61.19,61.4,60.54,60.97
2024-12-23,0050,元大台灣50,119195206,167.39,167.81,166.23,166.33
2024-12-23,2308,台達電,103567346,337.96,341.24,332.93,335.65
2024-12-23,2317,鴻海,113126756,194.6,197.4,193.5,197.01
2024-12-23,2330,台積電,78179217,774.56,783.46,771.91,781.59
2024-12-23,2412,中華電,87790459,134.61,135.58,132.28,132.75
2024-12-23,2454,聯發科,104316728,1130.8,1141.24,1121.47,1138.84
2024-12-23,2881,富邦金,143788481,81.45,82.16,80.39,80.4
2024-12-23,2882,國泰金,103052629,60.97,61.1,60.47,60.89
2024-12-24,0050,元大台灣50,84481055,166.33,166.48,164.14,165.49
2024-12-24,2308,台達電,88226818,335.65,338.53,334.9,336.14
2024-12-24,2317,鴻海,68238676,197.01,198.17,192.92,194.31
2024-12-24,2330,台積電,51861215,781.59,783.23,773.78,775.11
2024-12-24,2412,中華電,136067721,132.75,134.02,130.55,131.73
2024-12-24,2454,聯發科,60942384,1138.84,1153.81,1128.84,1150.91
2024-12-24,2881,富邦金,105304912,80.4,80.55,79.11,79.84
2024-12-24,2882,國泰金,59963053,60.89,61.42,60.7,60.9
2024-12-25,0050,元大台灣50,132104646,165.49,166.99,164.27,165.98
2024-12-25,2308,台達電,51952759,336.14,340.42,334.26,337.56
2024-12-25,2317,鴻海,141041464,194.31,195.38,193.82,194.81
2024-12-25,2330,台積電,117871950,775.11,782.06,769.85,775.33
2024-12-25,2412,中華電,80106847,131.73,132.99,129.63,130.72
2024-12-25,2454,聯發科,117354828,1150.91,1153.92,1149.01,1153.7
2024-12-25,2881,富邦金,107597014,79.84,80.52,78.19,78.95
2024-12-25,2882,國泰金,99002155,60.9,61.7,60.6,61.27
2024-12-26,0050,元大台灣50,127823056,165.98,169.09,165.21,168.13
2024-12-26,2308,台達電,85379024,337.56,337.87,330.26,333.51
2024-12-26,2317,鴻海,89826696,194.81,195.39,194.42,195.15
2024-12-26,2330,台積電,145079161,775.33,780.46,765.27,768.84
2024-12-26,2412,中華電,128161369,130.72,130.87,129.05,129.31
2024-12-26,2454,聯發科,100277686,1153.7,1154.34,1130.7,1137.01
2024-12-26,2881,富邦金,148017708,78.95,79.31,77.4,78.05
2024-12-26,2882,國泰金,76020549,61.27,61.84,60.66,60.84
2024-12-27,0050,元大台灣50,133990334,168.13,170.94,166.7,169.26
2024-12-27,2308,台達電,59672691,333.51,338.71,331.12,336.62
2024-12-27,2317,鴻海,70994150,195.15,196.65,194.14,196.06
2024-12-27,2330,台積電,78118801,768.84,776.12,766.72,776.05
2024-12-27,2412,中華電,102454803,129.31,130.24,126.44,127.57
2024-12-27,2454,聯發科,103668028,1137.01,1146.74,1123.06,1132.31
2024-12-27,2881,富邦金,54672768,78.05,79.44,77.65,78.88
2024-12-27,2882,國泰金,87554782,60.84,61.18,59.69,59.95
2025-10-01,0050,0050,77291614,57.9,58.75,57.9,58.1
2025-10-01,0051,0051,68085,85.85,86.9,85.85,86.15
2025-10-01,0052,0052,1436033,229.75,233.25,229.55,229.95
2025-10-01,0053,0053,15533,126.3,127.95,126.3,127
2025-10-01,0056,0056,48977483,36.87,37.15,36.73,36.81
2025-10-01,1301,1301,6379986,38.6,38.95,38.25,38.25
2025-10-01,1303,1303,19671432,39.5,40.45,39.35,39.45
2025-10-01,1326,1326,6964203,29.3,29.95,29.15,29.2
2025-10-01,2308,2308,10214371,870,878,860,871
2025-10-01,2317,2317,58600187,219,222,216,219
2025-10-01,2330,2330,36184828,1325,1350,1325,1325
2025-10-01,2412,2412,3436616,134,134.5,133.5,134.5
2025-10-01,2454,2454,7751607,1305,1305,1285,1285
2025-10-01,2881,2881,14509912,88,88.9,87.4,87.4
2025-10-01,2882,2882,17732528,65.2,66.3,65.2,65.3
2025-10-01,2884,2884,21985758,33.35,33.4,33.05,33.35
2025-10-01,2885,2885,16141794,34.7,34.85,34.5,34.65
2025-10-01,2886,2886,12989309,42.45,42.45,42.1,42.3
2025-10-01,2887,2887,67964532,18.1,18.2,18,18.2
2025-10-01,2891,2891,31548883,42.7,43.1,42.6,43.05
2025-10-02,0050,0050,73803137,59,59.25,58.85,59.2
2025-10-02,0051,0051,95923,86.5,87,86.5,86.6
2025-10-02,0052,0052,1743270,234.45,235.5,233.3,234.95
2025-10-02,0053,0053,27722,128,129.6,128,129.6
2025-10-02,0056,0056,47946651,37,37.06,36.97,37.04
2025-10-02,1301,1301,12248374,38.55,38.55,37.5,37.5
2025-10-02,1303,1303,33968384,40,40.6,38.5,38.65
2025-10-02,1326,1326,13136461,29.4,29.55,28.3,28.35
2025-10-02,2308,2308,18926279,893,910,893,894
2025-10-02,2317,2317,73884573,221.5,226,221,225.5
2025-10-02,2330,2330,32693509,1360,1370,1355,1365
2025-10-02,2412,2412,5670600,134,134,133,133
2025-10-02,2454,2454,10088897,1290,1300,1280,1280
2025-10-02,2881,2881,6716832,88.1,88.4,87.4,87.4
2025-10-02,2882,2882,14496667,65.4,66,65,65
2025-10-02,2884,2884,26089493,33.25,33.45,33,33
2025-10-02,2885,2885,17922407,34.5,34.8,34.3,34.3
2025-10-02,2886,2886,13554275,42.3,42.4,42.05,42.05
2025-10-02,2887,2887,59885176,18.25,18.3,18.05,18.2
2025-10-02,2891,2891,19989434,43.05,43.2,42.9,42.95
2025-10-03,0050,0050,76083554,59.2,60.1,59.05,60.05
2025-10-03,0051,0051,82431,86.6,86.95,86.4,86.7
2025-10-03,0052,0052,1004389,234.9,239.25,234.35,239.1
2025-10-03,0053,0053,20328,129.5,131.65,129.5,131.2
2025-10-03,0056,0056,39103080,37.04,37.07,37,37.04
2025-10-03,1301,1301,20022608,37.55,37.55,36.4,36.65
2025-10-03,1303,1303,20492914,38.8,38.9,37.85,38.55
2025-10-03,1326,1326,14948406,28.25,28.35,27.4,27.5
2025-10-03,2308,2308,18806970,900,944,895,942
2025-10-03,2317,2317,52446781,226,228,224.5,226.5
2025-10-03,2330,2330,34379158,1365,1400,1365,1400
2025-10-03,2412,2412,7990150,133.5,134,132.5,133
2025-10-03,2454,2454,7236351,1285,1325,1285,1320
2025-10-03,2881,2881,10969163,88,88,86.5,86.5
2025-10-03,2882,2882,8831615,65.7,66,65,65
2025-10-03,2884,2884,30068829,33,33.05,32.6,32.6
2025-10-03,2885,2885,11036096,34.65,34.7,34,34.05
2025-10-03,2886,2886,11019652,42.2,42.2,41.7,41.8
2025-10-03,2887,2887,61438093,18.2,18.25,18,18.25
2025-10-03,2891,2891,24050749,43.15,43.15,42.35,42.35
2025-10-07,0050,0050,138001575,61,61.7,60.9,61.7
2025-10-07,0051,0051,137906,87.05,88.5,87.05,88.1
2025-10-07,0052,0052,1438766,244.25,246.45,244,246.45
2025-10-07,0053,0053,44124,134.2,135,133.5,134.85
2025-10-07,0056,0056,75747471,37.12,37.51,37.12,37.46
2025-10-07,1301,1301,22810779,36.55,38.15,36.25,37.5
2025-10-07,1303,1303,99477931,38.8,42,38.75,41.45
2025-10-07,1326,1326,15434246,27.5,29.1,27.35,28.7
2025-10-07,2308,2308,25946493,942,995,941,987
2025-10-07,2317,2317,66127414,230,231.5,225,228.5
2025-10-07,2330,2330,42424519,1420,1445,1420,1435
2025-10-07,2412,2412,5858385,133,134,132.5,133
2025-10-07,2454,2454,7486053,1325,1335,1305,1325
2025-10-07,2881,2881,14392339,86.4,88.2,86.2,86.9
2025-10-07,2882,2882,16314076,65,66,64.7,65.2
2025-10-07,2884,2884,30654117,32.5,32.8,32.2,32.7
2025-10-07,2885,2885,15627286,33.9,34.6,33.8,34.35
2025-10-07,2886,2886,14233417,41.55,42,41.4,41.85
2025-10-07,2887,2887,74861203,18.2,18.5,18,18.4
2025-10-07,2891,2891,34334062,42.25,42.85,42,42.25
2025-10-08,0050,0050,119706336,61,61.15,60.6,61.15
2025-10-08,0051,0051,87175,88.1,88.45,87.75,88.45
2025-10-08,0052,0052,1122510,242.55,244.1,241.85,244.1
2025-10-08,0053,0053,13725,134.6,134.6,132.3,133.85
2025-10-08,0056,0056,39464282,37.41,37.46,37.31,37.43
2025-10-08,1301,1301,17672890,37.6,38.75,37.6,38.75
2025-10-08,1303,1303,46214840,41.45,41.8,40.95,41.8
2025-10-08,1326,1326,12818829,28.85,29.55,28.85,29.5
2025-10-08,2308,2308,12278241,963,985,962,981
2025-10-08,2317,2317,50104069,225,225.5,222,225
2025-10-08,2330,2330,27708676,1410,1420,1405,1415
2025-10-08,2412,2412,4057417,134,134,133,133.5
2025-10-08,2454,2454,5299148,1330,1350,1325,1335
2025-10-08,2881,2881,9338011,87.3,88.4,87.3,87.9
2025-10-08,2882,2882,13338112,65.4,65.9,65.3,65.3
2025-10-08,2884,2884,27281947,32.75,33.05,32.7,32.8
2025-10-08,2885,2885,11048188,34.4,34.65,34.3,34.45
2025-10-08,2886,2886,7464390,42,42.15,41.8,41.95
2025-10-08,2887,2887,56473209,18.45,18.6,18.4,18.45
2025-10-08,2891,2891,18716958,42.6,42.85,42.5,42.5
2025-10-09,0050,0050,76478634,61.85,61.95,61.5,61.6
2025-10-09,0051,0051,58016,89,89.15,88.75,88.8
2025-10-09,0052,0052,1660049,248.1,248.1,246.15,247.3
2025-10-09,0053,0053,16655,134.8,135.7,134.15,134.15
2025-10-09,0056,0056,48371891,37.65,37.67,37.4,37.42
2025-10-09,1301,1301,24201936,38.75,39.4,38.55,39.15
2025-10-09,1303,1303,94516865,42.5,43.6,41.75,42.6
2025-10-09,1326,1326,14865799,29.75,30.25,29.5,29.85
2025-10-09,2308,2308,15540963,1000,1005,986,999
2025-10-09,2317,2317,56700891,227,227,221,221.5
2025-10-09,2330,2330,42507551,1440,1455,1430,1440
2025-10-09,2412,2412,5673544,133,133.5,132.5,133
2025-10-09,2454,2454,5265459,1350,1370,1335,1345
2025-10-09,2881,2881,32204848,88.2,90,88.1,89.8
2025-10-09,2882,2882,26156782,65.7,66.6,65.6,66.4
2025-10-09,2884,2884,32041425,32.95,33.15,32.9,33
2025-10-09,2885,2885,14970935,34.65,34.85,34.25,34.45
2025-10-09,2886,2886,10451347,41.95,42.05,41.75,42
2025-10-09,2887,2887,92226442,18.5,18.8,18.5,18.8
2025-10-09,2891,2891,40036534,42.9,43.1,42.35,42.6
2025-10-13,0050,0050,277610574,59.9,61,59.6,61
2025-10-13,0051,0051,112991,87,87.35,86,87.2
2025-10-13,0052,0052,6093813,241.7,243.65,240.1,242.55
2025-10-13,0053,0053,26993,131.55,132.95,131.55,132.7
2025-10-13,0056,0056,141840786,36.56,37,36.53,36.94
2025-10-13,1301,1301,16846304,38.4,38.45,37.55,38.2
2025-10-13,1303,1303,45091123,40.55,42,40.3,41.9
2025-10-13,1326,1326,11054771,29.15,29.4,28.5,29.2
2025-10-13,2308,2308,24052561,968,1045,968,1030
2025-10-13,2317,2317,111260942,210,216,210,213
2025-10-13,2330,2330,60321869,1390,1420,1390,1415
2025-10-13,2412,2412,12798892,133,133,131.5,132.5
2025-10-13,2454,2454,8122847,1330,1330,1300,1315
2025-10-13,2881,2881,20708803,88.7,89,87.5,87.8
2025-10-13,2882,2882,19255380,66.3,66.3,65.1,65.3
2025-10-13,2884,2884,28159809,33,33,32.35,32.5
2025-10-13,2885,2885,21796491,34.15,34.4,33.8,34.4
2025-10-13,2886,2886,20405256,42,42,41.1,41.65
2025-10-13,2887,2887,80284339,18.45,18.6,18.15,18.55
2025-10-13,2891,2891,39116105,42.4,42.45,41.85,42.15
2025-10-14,0050,0050,163441296,61.85,62.15,60.65,60.7
2025-10-14,0051,0051,118639,87.5,88.6,86,86
2025-10-14,0052,0052,2412124,247.65,247.95,241.1,241.35
2025-10-14,0053,0053,32842,135.5,135.55,131.5,131.5
2025-10-14,0056,0056,110814084,37.12,37.33,36.55,36.59
2025-10-14,1301,1301,17304140,38.3,38.65,37.35,37.35
2025-10-14,1303,1303,58573742,42.3,42.6,40.15,40.2
2025-10-14,1326,1326,12345485,29.35,29.75,28.5,28.55
2025-10-14,2308,2308,21048517,1050,1060,990,992
2025-10-14,2317,2317,108702039,216,217.5,205,206
2025-10-14,2330,2330,44821332,1455,1460,1420,1425
2025-10-14,2412,2412,6655304,132,133,132,132.5
2025-10-14,2454,2454,5948388,1330,1340,1300,1305
2025-10-14,2881,2881,25886313,88.8,90.2,88.2,88.2
2025-10-14,2882,2882,25653861,65.4,66.9,65.4,65.5
2025-10-14,2884,2884,31252464,32.5,33.1,32.5,32.8
2025-10-14,2885,2885,24404615,34.2,34.95,34.2,34.5
2025-10-14,2886,2886,17168431,41.5,42.25,41.5,42.1
2025-10-14,2887,2887,171866059,18.85,19.25,18.8,19
2025-10-14,2891,2891,36178151,42.2,43,42.2,42.35
2025-10-15,0050,0050,101918261,61,61.8,60.6,61.8
2025-10-15,0051,0051,116462,86,86.95,85.95,86.85
2025-10-15,0052,0052,1424597,242.6,246.8,241.35,245.75
2025-10-15,0053,0053,32694,134.2,134.55,132.3,134.55
2025-10-15,0056,0056,66981678,36.65,36.68,36.48,36.67
2025-10-15,1301,1301,13406020,37.5,37.6,36.7,37
2025-10-15,1303,1303,29922274,40.3,41.15,39.6,40.5
2025-10-15,1326,1326,7458616,28.6,28.8,28.2,28.55
2025-10-15,2308,2308,13304315,1000,1015,987,1015
2025-10-15,2317,2317,65964764,207.5,208,203,206.5
2025-10-15,2330,2330,45432176,1435,1465,1425,1465
2025-10-15,2412,2412,10324494,132,132.5,131.5,131.5
2025-10-15,2454,2454,4631857,1325,1330,1300,1315
2025-10-15,2881,2881,23902852,88.9,89.6,88.3,89.6
2025-10-15,2882,2882,29393296,65.8,66.4,65.4,66.4
2025-10-15,2884,2884,18436504,32.95,33,32.7,32.95
2025-10-15,2885,2885,17111129,34.55,34.75,34.25,34.6
2025-10-15,2886,2886,18901781,42.1,42.1,41.65,42
2025-10-15,2887,2887,203202123,19.15,19.9,18.95,19.8
2025-10-15,2891,2891,31233692,42.4,42.7,42.3,42.6
2025-10-16,0050,0050,115801585,62.1,63,62.1,63
2025-10-16,0051,0051,104553,86.05,88.85,86.05,88.5
2025-10-16,0052,0052,3335016,248,253.25,248,252.8
2025-10-16,0053,0053,51744,136.25,138.05,136.1,138.05
2025-10-16,0056,0056,49356011,36.91,37.21,36.91,37.19
2025-10-16,1301,1301,8544930,37,37.85,37,37.45
2025-10-16,1303,1303,27486316,40.9,41.95,40.85,41.45
2025-10-16,1326,1326,7724094,28.65,29.2,28.65,29.05
2025-10-16,2308,2308,7987323,1005,1025,1000,1025
2025-10-16,2317,2317,154273795,215,225.5,211.5,223
2025-10-16,2330,2330,42490828,1465,1495,1465,1485
2025-10-16,2412,2412,5152506,132,132.5,131.5,132
2025-10-16,2454,2454,4051576,1320,1340,1320,1330
2025-10-16,2881,2881,26574577,89.8,90.8,89.6,89.8
2025-10-16,2882,2882,23704605,66.2,67.1,65.8,65.8
2025-10-16,2884,2884,37361054,33,33,32.3,32.4
2025-10-16,2885,2885,17108153,34.65,34.85,34.35,34.45
2025-10-16,2886,2886,14023965,41.95,42.2,41.75,41.85
2025-10-16,2887,2887,133412754,19.9,19.9,19.4,19.65
2025-10-16,2891,2891,24185417,42.55,42.95,42.55,42.6
2025-10-17,0050,0050,166191884,62.05,62.3,61.9,62.05
2025-10-17,0051,0051,57226,88.35,88.6,87.6,87.75
2025-10-17,0052,0052,4260582,249.6,249.6,248.15,248.15
2025-10-17,0053,0053,38218,136.75,136.75,135.5,135.95
2025-10-17,0056,0056,134291558,37.17,37.36,37.01,37.11
2025-10-17,1301,1301,29097863,37.4,39.65,37.35,38.9
2025-10-17,1303,1303,36364981,41,42.3,41,41.95
2025-10-17,1326,1326,17087966,29,30.6,28.95,29.95
2025-10-17,2308,2308,12958755,1005,1050,996,999
2025-10-17,2317,2317,119855855,224,230,222.5,226.5
2025-10-17,2330,2330,43864962,1455,1465,1450,1450
2025-10-17,2412,2412,4328971,133,133,132.5,133
2025-10-17,2454,2454,8663045,1340,1360,1325,1330
2025-10-17,2881,2881,16807156,89.5,90.2,89.3,89.5
2025-10-17,2882,2882,15220985,65.8,66.1,65.1,65.2
2025-10-17,2884,2884,17229980,32.65,32.65,32.35,32.55
2025-10-17,2885,2885,17721330,34.55,34.75,33.9,33.95
2025-10-17,2886,2886,10665499,41.95,42.15,41.55,41.55
2025-10-17,2887,2887,162422714,19.5,19.6,19,19.4
2025-10-17,2891,2891,23642370,42.65,43.05,42.5,42.5
2025-10-20,0050,0050,105854638,62.35,63.2,62.15,63.1
2025-10-20,0051,0051,45376,88,88.5,88,88.2
2025-10-20,0052,0052,2458615,250.2,253.6,249.35,252.85
2025-10-20,0053,0053,45074,136,138.45,136,137.4
2025-10-20,0056,0056,51742253,37.27,37.49,37.27,37.49
2025-10-20,1301,1301,12653240,39.05,39.7,38.6,38.85
2025-10-20,1303,1303,32949790,42.5,43,41.7,42.05
2025-10-20,1326,1326,8503345,30.2,30.8,29.5,29.8
2025-10-20,2308,2308,12374832,998,1020,986,1015
2025-10-20,2317,2317,152953266,230,239.5,229,238.5
2025-10-20,2330,2330,34972122,1460,1495,1455,1480
2025-10-20,2412,2412,3741036,133,133.5,133,133
2025-10-20,2454,2454,3725225,1335,1345,1325,1340
2025-10-20,2881,2881,9606520,90.1,90.1,88.9,89.1
2025-10-20,2882,2882,8399132,65.6,66.1,65.1,65.3
2025-10-20,2884,2884,16267248,32.55,32.55,32.2,32.3
2025-10-20,2885,2885,10816990,34.3,34.5,33.9,34.05
2025-10-20,2886,2886,7468624,41.85,41.9,41.35,41.75
2025-10-20,2887,2887,82288555,19.45,19.8,19.45,19.75
2025-10-20,2891,2891,13216292,42.8,42.85,42.4,42.4
2025-10-21,0050,0050,128793394,63.4,63.65,63.05,63.2
2025-10-21,0051,0051,101102,88.95,89.55,88.95,89.2
2025-10-21,0052,0052,2915514,256.75,256.75,253.1,253.2
2025-10-21,0053,0053,26010,138.65,139.45,138.4,138.7
2025-10-21,0056,0056,72283684,37.66,37.8,37.62,37.66
2025-10-21,1301,1301,9358944,39.1,39.35,38.35,38.45
2025-10-21,1303,1303,26973952,42.1,42.4,41.55,41.9
2025-10-21,1326,1326,7307059,30,30.25,29.4,29.55
2025-10-21,2308,2308,7996535,1015,1030,1000,1020
2025-10-21,2317,2317,120698819,241.5,245.5,238,239
2025-10-21,2330,2330,37067269,1485,1500,1480,1480
2025-10-21,2412,2412,2450203,133.5,133.5,133,133
2025-10-21,2454,2454,4220554,1350,1355,1335,1340
2025-10-21,2881,2881,24387441,89.6,91.7,89.6,90.6
2025-10-21,2882,2882,18493636,65.8,66.7,65.6,65.7
2025-10-21,2884,2884,15133422,32.45,32.6,32.3,32.5
2025-10-21,2885,2885,14519762,34.4,34.7,34.2,34.6
2025-10-21,2886,2886,6245685,41.9,41.95,41.65,41.8
2025-10-21,2887,2887,73379001,19.75,19.75,19.45,19.7
2025-10-21,2891,2891,20641856,42.65,42.75,42.3,42.3
2025-10-22,0050,0050,124303290,62.6,62.85,62.25,62.7
2025-10-22,0051,0051,86114,89.2,89.55,89,89.3
2025-10-22,0052,0052,3685947,250.45,251.55,249.35,251.2
2025-10-22,0053,0053,23689,137.4,137.45,136.55,136.8
2025-10-22,0056,0056,86606460,37.61,37.75,37.48,37.75
2025-10-22,1301,1301,11221441,38.45,39.45,38.45,38.95
2025-10-22,1303,1303,68679920,41.9,44,41.75,42.35
2025-10-22,1326,1326,12465702,29.8,30.7,29.75,30.2
2025-10-22,2308,2308,5842272,1005,1020,1000,1020
2025-10-22,2317,2317,71609786,238,243,236.5,242.5
2025-10-22,2330,2330,30679057,1460,1470,1455,1460
2025-10-22,2412,2412,4024371,133,133.5,133,133.5
2025-10-22,2454,2454,3868924,1335,1345,1325,1330
2025-10-22,2881,2881,15590168,91.2,91.6,90.8,91.6
2025-10-22,2882,2882,13544653,65.9,66.2,65.6,65.7
2025-10-22,2884,2884,20676994,32.6,32.6,32.4,32.6
2025-10-22,2885,2885,12197311,34.55,34.9,34.55,34.7
2025-10-22,2886,2886,10357916,41.6,41.95,41.5,41.75
2025-10-22,2887,2887,62433320,19.7,19.8,19.6,19.75
2025-10-22,2891,2891,26979802,42.6,42.65,42.05,42.05
2025-10-23,0050,0050,166688171,62.1,62.4,61.75,62.35
2025-10-23,0051,0051,41140,89.25,89.25,88.65,88.75
2025-10-23,0052,0052,2060755,247.8,249.45,247.4,248.95
2025-10-23,0053,0053,20831,136.1,136.75,135.95,136.3
2025-10-23,0056,0056,103297727,36.88,36.91,36.75,36.81
2025-10-23,1301,1301,38882640,39.25,40.8,38.85,40.2
2025-10-23,1303,1303,89186133,42.3,44.4,42,43.4
2025-10-23,1326,1326,17984053,30.05,31.5,29.75,30.9
2025-10-23,2308,2308,5326210,1005,1020,1000,1010
2025-10-23,2317,2317,50955830,240,240.5,238,239
2025-10-23,2330,2330,26134949,1440,1455,1435,1450
2025-10-23,2412,2412,4409010,133,134,133,134
2025-10-23,2454,2454,8788088,1325,1330,1290,1295
2025-10-23,2881,2881,13085974,91.1,92,90.8,91.9
2025-10-23,2882,2882,17633430,65.6,65.7,65.1,65.7
2025-10-23,2884,2884,17383840,32.55,32.65,32.3,32.65
2025-10-23,2885,2885,7939806,34.55,34.85,34.5,34.85
2025-10-23,2886,2886,11285987,41.5,41.75,41.45,41.55
2025-10-23,2887,2887,97381850,19.7,19.8,19.4,19.5
2025-10-23,2891,2891,26098938,42,42.1,41.9,42
2025-10-27,0050,0050,104776108,63.75,63.9,63.45,63.8
2025-10-27,0051,0051,102302,89.55,90.5,89.55,90.3
2025-10-27,0052,0052,3057982,255.75,256.15,254.85,255.8
2025-10-27,0053,0053,20475,139.5,140.15,139.5,140.15
2025-10-27,0056,0056,75123538,37.2,37.32,37.1,37.24
2025-10-27,1301,1301,22892855,40.8,41.25,39.9,40
2025-10-27,1303,1303,65281393,44.1,44.85,42.9,43
2025-10-27,1326,1326,12709045,31.5,31.9,30.55,30.7
2025-10-27,2308,2308,14665958,1035,1075,1035,1070
2025-10-27,2317,2317,80708542,249,249,243,246.5
2025-10-27,2330,2330,36024098,1500,1500,1480,1480
2025-10-27,2412,2412,15556431,134,134,131.5,132
2025-10-27,2454,2454,5937221,1320,1340,1310,1335
2025-10-27,2881,2881,17870477,92.8,92.8,91.8,92.1
2025-10-27,2882,2882,17331187,66.5,66.5,65.6,65.7
2025-10-27,2884,2884,280910308,31.1,31.45,29.9,30.3
2025-10-27,2885,2885,16579252,35,35.1,34.4,34.65
2025-10-27,2886,2886,27607159,41.85,41.9,40.95,41.2
2025-10-27,2887,2887,122883319,19.65,19.65,18.8,19.25
2025-10-27,2891,2891,52823981,43.2,43.2,42.45,42.65
2025-10-28,0050,0050,99770041,63.55,63.7,63.2,63.35
2025-10-28,0051,0051,76964,90.3,90.55,90,90.4
2025-10-28,0052,0052,2246798,255.55,255.8,253.85,254.25
2025-10-28,0053,0053,38557,140.15,140.6,139.7,139.75
2025-10-28,0056,0056,42658216,37.25,37.25,37.04,37.13
2025-10-28,1301,1301,17149362,40,40.2,39.15,39.7
2025-10-28,1303,1303,47332510,43.2,43.2,41.8,42.2
2025-10-28,1326,1326,13799986,30.7,31.05,29.85,30.45
2025-10-28,2308,2308,9123838,1060,1080,1055,1075
2025-10-28,2317,2317,73662546,248,250,246.5,250
2025-10-28,2330,2330,35135504,1480,1490,1470,1475
2025-10-28,2412,2412,11442918,132.5,133,131.5,132
2025-10-28,2454,2454,5361231,1330,1335,1310,1315
2025-10-28,2881,2881,15489728,91.8,91.9,90.8,90.9
2025-10-28,2882,2882,21941202,66.1,66.1,64.6,64.8
2025-10-28,2884,2884,180863174,30.3,30.5,30,30
2025-10-28,2885,2885,11485773,34.8,34.8,34.25,34.35
2025-10-28,2886,2886,14350679,41.35,41.4,40.85,40.95
2025-10-28,2887,2887,61449142,19.4,19.4,18.95,19
2025-10-28,2891,2891,39481830,42.6,42.65,41.9,41.9
2025-10-29,0050,0050,67414369,63.7,64.45,63.7,64.4
2025-10-29,0051,0051,46848,90.65,91.45,90.65,91.3
2025-10-29,0052,0052,3263907,256.7,260.25,256.7,260
2025-10-29,0053,0053,28494,141.8,142.3,141.4,142.3
2025-10-29,0056,0056,91187427,37.33,37.59,37.33,37.47
2025-10-29,1301,1301,9282843,39.8,39.85,39.15,39.15
2025-10-29,1303,1303,29214651,42.2,42.5,41.45,41.95
2025-10-29,1326,1326,5479362,30.5,30.6,30.05,30.35
2025-10-29,2308,2308,13037322,1075,1085,1035,1060
2025-10-29,2317,2317,125297120,254,263,253,260
2025-10-29,2330,2330,32775105,1495,1515,1490,1505
2025-10-29,2412,2412,6248913,132,133,131.5,132
2025-10-29,2454,2454,8508525,1305,1330,1300,1300
2025-10-29,2881,2881,8516678,91.1,92,91.1,91.8
2025-10-29,2882,2882,11904998,65.2,65.4,64.8,64.8
2025-10-29,2884,2884,137942848,30.05,30.3,29.95,30.2
2025-10-29,2885,2885,10882687,34.45,34.65,34.3,34.3
2025-10-29,2886,2886,15003414,40.95,41.1,40.55,40.7
2025-10-29,2887,2887,44895073,19.1,19.15,18.9,19
2025-10-29,2891,2891,32464764,41.95,42.5,41.95,42
2025-10-30,0050,0050,95106510,64.6,64.8,64,64.4
2025-10-30,0051,0051,66514,91.85,91.85,90.3,90.65
2025-10-30,0052,0052,3320621,260.55,261.85,258.15,260
2025-10-30,0053,0053,38801,142.3,142.75,141.1,141.35
2025-10-30,0056,0056,57733947,37.47,37.57,37.2,37.4
2025-10-30,1301,1301,10955854,39.5,39.65,38.7,39.2
2025-10-30,1303,1303,21420066,42.3,42.6,41.4,41.95
2025-10-30,1326,1326,7307376,30.4,30.8,29.85,30.2
2025-10-30,2308,2308,23687176,1070,1070,1005,1010
2025-10-30,2317,2317,108445874,262.5,265,256.5,262
2025-10-30,2330,2330,30058497,1515,1520,1500,1505
2025-10-30,2412,2412,15289270,132.5,132.5,130.5,131.5
2025-10-30,2454,2454,5817287,1305,1325,1300,1310
2025-10-30,2881,2881,13071299,92.8,92.8,91.1,92.4
2025-10-30,2882,2882,18428494,64.8,65.1,64.1,64.6
2025-10-30,2884,2884,106585922,30.2,30.2,29.8,29.8
2025-10-30,2885,2885,13114973,34.1,34.45,34.05,34.25
2025-10-30,2886,2886,23321529,40.65,40.95,40.45,40.95
2025-10-30,2887,2887,57823314,19,19,18.8,18.9
2025-10-30,2891,2891,29270044,42,42.15,41.75,41.95
2025-10-31,0050,0050,55956524,64.6,64.8,64.4,64.75
2025-10-31,0051,0051,161185,91.5,92.15,91.5,91.65
2025-10-31,0052,0052,2193289,260.35,261.8,260.35,261.2
2025-10-31,0053,0053,30575,141.35,142.8,141.35,142.55
2025-10-31,0056,0056,62935805,37.41,37.6,37.36,37.46
2025-10-31,1301,1301,19292807,39.3,39.3,38.05,38.1
2025-10-31,1303,1303,45640364,42.3,43.75,41.5,41.5
2025-10-31,1326,1326,15019399,30.3,30.35,28.95,29.2
2025-10-31,2308,2308,21049860,1000,1015,990,995
2025-10-31,2317,2317,63119828,261,262,257,257.5
2025-10-31,2330,2330,33838761,1515,1525,1500,1500
2025-10-31,2412,2412,5591706,132,132,130.5,131
2025-10-31,2454,2454,7731098,1300,1325,1290,1310
2025-10-31,2881,2881,11447531,92.5,92.5,91.2,91.2
2025-10-31,2882,2882,17341919,65.2,65.2,64,64
2025-10-31,2884,2884,95362223,29.7,29.9,29.55,29.75
2025-10-31,2885,2885,15299438,34.4,34.75,34.2,34.5
2025-10-31,2886,2886,22242244,41.2,41.25,40.35,40.4
2025-10-31,2887,2887,59598693,19,19,18.7,18.7
2025-10-31,2891,2891,27209401,42.2,42.2,41.85,41.85
2025-11-03,0050,0050,140157410,64.45,64.8,63.9,64.15
2025-11-03,0051,0051,111068,92.9,93.1,92.05,92.8
2025-11-03,0052,0052,4021496,260.65,262.1,258,258.75
2025-11-03,0053,0053,37994,142.2,142.25,141.35,141.7
2025-11-03,0056,0056,47795908,37.42,37.48,37.28,37.33
2025-11-03,1301,1301,14406227,38.1,38.35,37.65,37.7
2025-11-03,1303,1303,22474641,41.5,42.15,40.85,41.35
2025-11-03,1326,1326,8193457,29.05,29.2,28.6,28.75
2025-11-03,2308,2308,16545187,992,1005,982,983
2025-11-03,2317,2317,97190219,255,256.5,250,251.5
2025-11-03,2330,2330,30913479,1510,1520,1490,1510
2025-11-03,2412,2412,7294635,132,133,131,131.5
2025-11-03,2454,2454,11818214,1310,1325,1280,1300
2025-11-03,2881,2881,14938302,91.2,92.1,90.9,92
2025-11-03,2882,2882,13709608,63.8,64.4,63.5,63.9
2025-11-03,2884,2884,60324410,29.6,30.35,29.5,30.15
2025-11-03,2885,2885,13022117,34.5,34.75,34.35,34.5
2025-11-03,2886,2886,21063259,40.45,40.65,40.3,40.4
2025-11-03,2887,2887,48365078,18.75,19.1,18.7,18.95
2025-11-03,2891,2891,17951487,41.85,42.25,41.85,42.05
2025-11-04,0050,0050,88131032,64.5,64.85,63.85,63.95
2025-11-04,0051,0051,170218,92.6,92.65,90.65,90.65
2025-11-04,0052,0052,3491930,261.35,261.95,257.25,257.35
2025-11-04,0053,0053,32186,143.4,143.4,140.8,140.8
2025-11-04,0056,0056,70008952,37.5,37.52,36.95,36.96
2025-11-04,1301,1301,15366610,38.05,38.5,37.6,37.65
2025-11-04,1303,1303,29726510,42.05,42.7,41.25,41.35
2025-11-04,1326,1326,9000854,28.75,29.25,28.3,28.45
2025-11-04,2308,2308,18976367,980,1010,975,975
2025-11-04,2317,2317,95832447,252,255,244,244
2025-11-04,2330,2330,35922791,1520,1525,1495,1505
2025-11-04,2412,2412,9169494,131.5,132.5,130.5,131
2025-11-04,2454,2454,6554186,1290,1315,1285,1315
2025-11-04,2881,2881,16514844,92.4,93,92,92.5
2025-11-04,2882,2882,12298783,64,64.8,64,64.6
2025-11-04,2884,2884,53657172,30.15,30.5,30.1,30.3
2025-11-04,2885,2885,13728331,34.65,34.95,34.6,34.75
2025-11-04,2886,2886,13291555,40.4,40.7,40.4,40.65
2025-11-04,2887,2887,48420351,18.9,19.15,18.9,19
2025-11-04,2891,2891,29664826,42.05,42.55,42.05,42.4
2025-11-05,0050,0050,229413552,62.95,63.15,62.3,63.15
2025-11-05,0051,0051,129886,90.25,90.55,88.05,90.3
2025-11-05,0052,0052,4728977,253,254.35,250.6,253.6
2025-11-05,0053,0053,136886,138,138.35,136.25,138.2
2025-11-05,0056,0056,131885420,36.42,36.8,36.3,36.78
2025-11-05,1301,1301,32716634,37.4,37.45,36.5,36.85
2025-11-05,1303,1303,31076840,40.7,41.1,39.7,41
2025-11-05,1326,1326,17721304,28.25,28.25,27.5,27.8
2025-11-05,2308,2308,18127318,930,972,930,967
2025-11-05,2317,2317,114664242,239,248.5,237,247
2025-11-05,2330,2330,63423241,1480,1485,1455,1460
2025-11-05,2412,2412,6226844,131.5,132,130,132
2025-11-05,2454,2454,7083306,1295,1330,1285,1330
2025-11-05,2881,2881,16021146,91.5,91.6,90.6,90.6
2025-11-05,2882,2882,16391613,64.1,64.4,63.6,64.1
2025-11-05,2884,2884,0,0,0,0,0
2025-11-05,2885,2885,32167279,34.85,35.5,34.45,35.45
2025-11-05,2886,2886,15357513,40.6,40.8,40.05,40.8
2025-11-05,2887,2887,50174962,19,19.2,18.85,19.1
2025-11-05,2891,2891,19673366,42.4,42.4,41.85,42.25
2025-11-06,0050,0050,68680372,63.35,63.5,63.15,63.3
2025-11-06,0051,0051,88216,90.55,91.95,90.55,91.9
2025-11-06,0052,0052,2091092,254.2,255.95,254.2,254.85
2025-11-06,0053,0053,11333,139,140,139,140
2025-11-06,0056,0056,48010495,36.97,37.06,36.8,36.95
2025-11-06,1301,1301,17403450,36.95,37.55,36.7,37.35
2025-11-06,1303,1303,24192572,41.25,41.85,40.85,41.65
2025-11-06,1326,1326,10483680,28.1,28.4,27.7,28.4
2025-11-06,2308,2308,10520332,980,994,977,978
2025-11-06,2317,2317,65794425,249.5,250.5,246,248
2025-11-06,2330,2330,29955147,1470,1480,1465,1465
2025-11-06,2412,2412,6378943,132,132.5,131.5,131.5
2025-11-06,2454,2454,8025111,1320,1330,1290,1290
2025-11-06,2881,2881,12158359,91.8,92,90.9,91.8
2025-11-06,2882,2882,15438226,64.6,65.1,64,64.7
2025-11-06,2884,2884,80792243,30.7,30.7,29.95,29.95
2025-11-06,2885,2885,23636583,35.5,35.7,35.3,35.45
2025-11-06,2886,2886,22346103,41,41,40.3,40.45
2025-11-06,2887,2887,39596238,19.25,19.25,18.95,19.05
2025-11-06,2891,2891,33165322,42.55,42.85,42.35,42.55
2025-11-07,0050,0050,111187957,62.65,62.75,62.4,62.55
2025-11-07,0051,0051,42616,90.75,91.75,90.75,91
2025-11-07,0052,0052,3564264,252.6,252.6,250.75,251.5
2025-11-07,0053,0053,20137,138.3,138.3,137,138.1
2025-11-07,0056,0056,55517646,36.77,36.78,36.52,36.55
2025-11-07,1301,1301,25432935,37.35,39.1,37.1,38.6
2025-11-07,1303,1303,61106691,41.6,43.15,41.2,42.55
2025-11-07,1326,1326,20682356,28.4,29.55,27.9,29.1
2025-11-07,2308,2308,9673113,960,972,956,965
2025-11-07,2317,2317,50319199,246,250.5,244,244
2025-11-07,2330,2330,23551721,1460,1465,1455,1460
2025-11-07,2412,2412,7556137,131,133,130.5,132.5
2025-11-07,2454,2454,8573403,1285,1295,1260,1260
2025-11-07,2881,2881,8938529,91.1,91.2,90.4,90.5
2025-11-07,2882,2882,14973396,64.3,64.6,63.5,63.5
2025-11-07,2884,2884,77358979,29.95,30.1,29.6,29.6
2025-11-07,2885,2885,12309758,35.65,35.7,34.85,34.85
2025-11-07,2886,2886,12782820,40.4,40.7,40.3,40.3
2025-11-07,2887,2887,46568205,19.05,19.05,18.9,18.95
2025-11-07,2891,2891,19687092,42.4,42.5,41.9,41.9
2025-11-10,0050,0050,83130868,62.8,63.35,62.6,63.35
2025-11-10,0051,0051,66684,91.3,91.9,90.6,91.85
2025-11-10,0052,0052,1365866,253.05,255.95,252.75,255.85
2025-11-10,0053,0053,17363,138.5,139.45,137.75,138.85
2025-11-10,0056,0056,31781294,36.56,36.57,36.41,36.57
2025-11-10,1301,1301,16588523,38.6,39.25,38,39
2025-11-10,1303,1303,50200655,43.5,43.6,42.2,43.25
2025-11-10,1326,1326,20102436,28.95,29.5,28.25,29.3
2025-11-10,2308,2308,11544121,980,994,968,982
2025-11-10,2317,2317,51628691,245,250,244,249.5
2025-11-10,2330,2330,26579263,1470,1485,1465,1475
2025-11-10,2412,2412,3283589,132.5,133,132,133
2025-11-10,2454,2454,5623223,1250,1260,1250,1250
2025-11-10,2881,2881,11047753,90.5,91.4,90.2,90.6
2025-11-10,2882,2882,14148668,63.6,64.4,63.6,63.8
2025-11-10,2884,2884,43628102,29.6,29.8,29.4,29.5
2025-11-10,2885,2885,10836936,34.85,34.9,34.45,34.65
2025-11-10,2886,2886,10829901,40.65,40.65,40.2,40.45
2025-11-10,2887,2887,45300399,19.1,19.25,18.9,18.95
2025-11-10,2891,2891,21597551,42.2,42.65,42.2,42.4
2025-11-11,0050,0050,79723934,63.65,63.7,62.85,62.9
2025-11-11,0051,0051,59217,91.85,92.65,91.8,91.8
2025-11-11,0052,0052,2081270,257.25,257.8,253.55,253.6
2025-11-11,0053,0053,17921,140.65,140.65,138.6,138.6
2025-11-11,0056,0056,28268504,36.63,36.69,36.41,36.41
2025-11-11,1301,1301,42194951,39.25,41,39.05,39.9
2025-11-11,1303,1303,123131763,43.65,46.45,43.5,45.3
2025-11-11,1326,1326,47127969,29.45,31.7,29.45,30.7
2025-11-11,2308,2308,11380761,993,998,972,972
2025-11-11,2317,2317,50821377,251,252,246.5,246.5
2025-11-11,2330,2330,24857058,1490,1495,1465,1465
2025-11-11,2412,2412,3614970,133,133,132,132
2025-11-11,2454,2454,6110008,1250,1270,1240,1240
2025-11-11,2881,2881,18245382,91.4,92.5,91,91
2025-11-11,2882,2882,34285414,64.8,65.7,64.5,64.8
2025-11-11,2884,2884,61889439,29.8,30.2,29.75,30.15
2025-11-11,2885,2885,16617480,34.8,34.95,34.55,34.75
2025-11-11,2886,2886,10333905,40.3,40.45,40.2,40.25
2025-11-11,2887,2887,73730032,19.25,19.5,19.25,19.3
2025-11-11,2891,2891,42815895,42.45,43.45,42.45,43.35
2025-11-12,0050,0050,62620173,62.95,63.3,62.75,63.2
2025-11-12,0051,0051,74942,91.45,92.5,91.45,92.3
2025-11-12,0052,0052,814628,254.25,255.5,252.95,255.3
2025-11-12,0053,0053,18246,138.5,139.75,138,139.75
2025-11-12,0056,0056,23679874,36.42,36.6,36.41,36.46
2025-11-12,1301,1301,55869588,40.2,41.9,39.6,41.35
2025-11-12,1303,1303,174611856,46.05,49.8,44.85,49.8
2025-11-12,1326,1326,48720924,30.7,32.65,30.4,32.4
2025-11-12,2308,2308,14451354,965,981,954,967
2025-11-12,2317,2317,65085447,248,252,245,251
2025-11-12,2330,2330,25998385,1470,1485,1460,1475
2025-11-12,2412,2412,4592030,132.5,133,132,132
2025-11-12,2454,2454,4410578,1240,1260,1240,1245
2025-11-12,2881,2881,14280557,91.5,92.3,91.5,91.7
2025-11-12,2882,2882,28251767,65.3,65.9,64.9,64.9
2025-11-12,2884,2884,48054679,30.3,30.5,30.2,30.2
2025-11-12,2885,2885,25668178,34.95,35.95,34.95,35.6
2025-11-12,2886,2886,16949901,40.5,40.65,40.2,40.2
2025-11-12,2887,2887,49327398,19.5,19.5,19.15,19.15
2025-11-12,2891,2891,29517714,43.5,43.75,43.05,43.05
2025-11-13,0050,0050,80483242,62.8,62.95,62.6,62.9
2025-11-13,0051,0051,106219,92.45,93.5,92.45,93.2
2025-11-13,0052,0052,1651809,253.6,254.35,252.85,254.1
2025-11-13,0053,0053,16531,139.65,139.65,138.5,139.15
2025-11-13,0056,0056,21499061,36.48,36.6,36.43,36.51
2025-11-13,1301,1301,87838792,41.4,44.1,41.1,42.65
2025-11-13,1303,1303,336947705,51.6,54.7,50.7,53.8
2025-11-13,1326,1326,101051526,32.5,35.6,32.4,35.6
2025-11-13,2308,2308,11148197,965,973,958,958
2025-11-13,2317,2317,90541908,256,256,247,252
2025-11-13,2330,2330,23920639,1460,1470,1460,1460
2025-11-13,2412,2412,4788323,132.5,133,131.5,131.5
2025-11-13,2454,2454,3456429,1240,1255,1235,1245
2025-11-13,2881,2881,54354805,92.5,94.4,92.2,94
2025-11-13,2882,2882,30988623,65,66,64.9,65.9
2025-11-13,2884,2884,45613615,30.25,30.45,30.1,30.1
2025-11-13,2885,2885,16012683,35.35,35.75,35.35,35.35
2025-11-13,2886,2886,15089668,40.2,40.25,40,40
2025-11-13,2887,2887,48789981,19.15,19.2,18.95,19
2025-11-13,2891,2891,31157003,43.1,43.45,42.75,42.9
2025-11-14,0050,0050,223192943,61.65,61.9,61.4,61.7
2025-11-14,0051,0051,88376,92.25,92.45,91.5,91.55
2025-11-14,0052,0052,5893574,248.3,249.65,248.05,248.5
2025-11-14,0053,0053,23449,136.4,136.4,135.1,135.9
2025-11-14,0056,0056,104947248,36.16,36.31,36.02,36.13
2025-11-14,1301,1301,39072371,42,43.1,41.6,42.55
2025-11-14,1303,1303,235389305,52.1,57.1,52.1,55.6
2025-11-14,1326,1326,80191561,35.4,35.95,33.7,34
2025-11-14,2308,2308,19610238,938,945,922,922
2025-11-14,2317,2317,112889692,246.5,247,241,241
2025-11-14,2330,2330,32778804,1425,1440,1425,1430
2025-11-14,2412,2412,3660640,132,132.5,131.5,131.5
2025-11-14,2454,2454,4560804,1230,1255,1225,1230
2025-11-14,2881,2881,35544211,93.4,94.2,93,93.3
2025-11-14,2882,2882,36471237,65.7,66.5,65.2,66
2025-11-14,2884,2884,52730203,30.15,30.25,29.8,30
2025-11-14,2885,2885,16759863,35.3,35.55,35.1,35.1
2025-11-14,2886,2886,13088916,39.95,40.2,39.7,39.9
2025-11-14,2887,2887,43768019,18.95,19,18.8,18.9
2025-11-14,2891,2891,29586276,42.65,43.15,42.4,42.7
2025-11-17,0050,0050,91925734,62,62.2,61.8,61.9
2025-11-17,0051,0051,77156,91.6,92.55,90.9,90.9
2025-11-17,0052,0052,4415657,250.35,252.05,249,249
2025-11-17,0053,0053,22496,137,137.35,135.95,136.3
2025-11-17,0056,0056,115542299,36.1,36.1,35.74,35.79
2025-11-17,1301,1301,42125209,42.5,43.95,42,43.1
2025-11-17,1303,1303,216309874,57.4,59.7,56.4,56.5
2025-11-17,1326,1326,29230664,34,34.8,33.7,34
2025-11-17,2308,2308,11523207,931,946,916,916
2025-11-17,2317,2317,84874596,241,242,235,236
2025-11-17,2330,2330,34872653,1450,1460,1445,1445
2025-11-17,2412,2412,5391252,131.5,133,131.5,132
2025-11-17,2454,2454,4963056,1230,1250,1225,1230
2025-11-17,2881,2881,49167786,93.6,93.6,91.5,91.8
2025-11-17,2882,2882,28832237,65.8,66,65,65.3
2025-11-17,2884,2884,36617655,30.1,30.2,29.95,30.2
2025-11-17,2885,2885,20604313,35.2,35.35,35,35.2
2025-11-17,2886,2886,20996010,39.9,40,39.4,39.55
2025-11-17,2887,2887,42193435,18.85,18.95,18.75,18.85
2025-11-17,2891,2891,34037094,42.45,42.5,42,42.2
2025-11-18,0050,0050,264956405,61.3,61.3,60.3,60.45
2025-11-18,0051,0051,136986,90,90.85,88.55,88.65
2025-11-18,0052,0052,12055630,247.85,247.95,243.2,245.3
2025-11-18,0053,0053,41763,134.7,134.7,132.05,132.7
2025-11-18,0056,0056,190794150,35.34,35.43,34.92,35
2025-11-18,1301,1301,37900395,42.7,43.1,41.3,41.5
2025-11-18,1303,1303,237895796,56.2,60.8,55.7,57.3
2025-11-18,1326,1326,28470318,33.45,34.3,32.7,32.9
2025-11-18,2308,2308,13615098,906,930,898,898
2025-11-18,2317,2317,77859170,231.5,237,230,230
2025-11-18,2330,2330,49856799,1435,1435,1405,1405
2025-11-18,2412,2412,6053297,131.5,132,131,131
2025-11-18,2454,2454,10222030,1220,1220,1170,1170
2025-11-18,2881,2881,62152476,91.2,92.8,89.5,89.5
2025-11-18,2882,2882,27957652,64.8,65,64.4,64.8
2025-11-18,2884,2884,34285042,30,30.2,29.9,29.9
2025-11-18,2885,2885,38059650,34.95,35.3,34.8,35.2
2025-11-18,2886,2886,23573235,39.3,39.7,39.25,39.4
2025-11-18,2887,2887,77446994,18.7,18.7,18.4,18.5
2025-11-18,2891,2891,41155840,42.15,42.75,42.1,42.6
2025-11-19,0050,0050,151383859,60.15,60.5,59.9,60.05
2025-11-19,0051,0051,142206,88.65,89.2,88.35,88.45
2025-11-19,0053,0053,20490,132.55,132.85,131.6,131.6
2025-11-19,0056,0056,115664163,34.97,35.08,34.66,34.74
2025-11-19,1301,1301,31862818,41,41.25,40.05,40.05
2025-11-19,1303,1303,141242686,56.6,56.8,53.3,53.8
2025-11-19,1326,1326,19701113,32.6,32.6,31.35,31.7
2025-11-19,2308,2308,12208506,890,911,889,894
2025-11-19,2317,2317,70909837,226.5,230,226.5,229
2025-11-19,2330,2330,42661060,1400,1415,1395,1395
2025-11-19,2412,2412,4596572,131.5,132,130.5,130.5
2025-11-19,2454,2454,7084197,1150,1195,1150,1160
2025-11-19,2881,2881,74528045,89.6,90.7,88.1,88.1
2025-11-19,2882,2882,22246588,65.2,65.3,64.2,64.2
2025-11-19,2884,2884,23512630,30.15,30.15,29.9,30
2025-11-19,2885,2885,53399189,35.5,35.85,34.55,34.9
2025-11-19,2886,2886,25065584,39.8,39.8,38.95,38.95
2025-11-19,2887,2887,52405609,18.5,18.5,18.35,18.4
2025-11-19,2891,2891,40014645,42.7,43.1,42.4,42.9
2025-11-20,0050,0050,84027889,61.55,61.95,61.35,61.9
2025-11-20,0051,0051,139296,89.85,91.25,89.85,91.1
2025-11-20,0053,0053,25182,135.6,136.55,135.2,136.55
2025-11-20,0056,0056,35961413,35.27,35.51,35.25,35.5
2025-11-20,1301,1301,22670010,40.85,42.25,40.4,41.3
2025-11-20,1303,1303,187213322,56.4,58.8,54.9,56.6
2025-11-20,1326,1326,23469844,32.35,33.8,31.95,33.1
2025-11-20,2308,2308,16670416,939,965,934,954
2025-11-20,2317,2317,78464576,237,238,232.5,236.5
2025-11-20,2330,2330,28295025,1450,1460,1440,1455
2025-11-20,2412,2412,4198494,131.5,132,131,132
2025-11-20,2454,2454,7617511,1180,1205,1170,1185
2025-11-20,2881,2881,66335241,89.1,90.6,89.1,89.3
2025-11-20,2882,2882,24423329,64.9,64.9,64.2,64.7
2025-11-20,2884,2884,21638618,30.2,30.2,29.95,30.2
2025-11-20,2885,2885,46909370,35.2,36.05,35.15,36.05
2025-11-20,2886,2886,16364159,39.2,39.65,39.05,39.65
2025-11-20,2887,2887,27657415,18.45,18.6,18.45,18.55
2025-11-20,2891,2891,33916264,43.05,43.3,42.75,43.3
2025-11-21,0050,0050,327691489,60.1,60.15,59.5,59.85
2025-11-21,0051,0051,240749,87,88,85.05,85.35
2025-11-21,0053,0053,41418,129,129.1,127.5,127.7
2025-11-21,0056,0056,84280844,34.96,35.15,34.84,35
2025-11-21,1301,1301,20567995,40.6,41.15,39.8,40
2025-11-21,1303,1303,87722137,53.4,55.1,52.2,52.5
2025-11-21,1326,1326,18594188,32.2,33.05,31.85,31.9
2025-11-21,2308,2308,17544293,907,913,895,895
2025-11-21,2317,2317,97471576,226,229.5,225,225
2025-11-21,2330,2330,64673494,1395,1405,1385,1385
2025-11-21,2412,2412,8288673,132,132.5,131,131.5
2025-11-21,2454,2454,7912862,1130,1155,1130,1145
2025-11-21,2881,2881,75934875,88.4,90.3,88.4,88.7
2025-11-21,2882,2882,24882547,64.4,64.4,63.6,63.6
2025-11-21,2884,2884,38182405,30.1,30.25,29.9,30.05
2025-11-21,2885,2885,49322560,35.65,36.25,35.45,35.65
2025-11-21,2886,2886,20466488,39.65,39.85,39.15,39.5
2025-11-21,2887,2887,55509900,18.4,18.55,18.3,18.35
2025-11-21,2891,2891,37763324,43.1,43.4,42.9,43.4
2025-11-24,0050,0050,162722018,60.1,60.1,59.45,59.55
2025-11-24,0051,0051,112361,85.45,86.45,85.45,85.75
2025-11-24,0053,0053,19809,127.7,128.1,127.4,127.85
2025-11-24,0056,0056,27806344,35.15,35.24,35,35.15
2025-11-24,1301,1301,18819471,40.35,40.85,39.6,40.5
2025-11-24,1303,1303,89940447,53.8,54.8,52.6,54.8
2025-11-24,1326,1326,19365821,32.25,32.5,31.3,31.95
2025-11-24,2308,2308,18856003,904,909,893,893
2025-11-24,2317,2317,100270276,226.5,227,220,220
2025-11-24,2330,2330,88861648,1400,1405,1375,1375
2025-11-24,2412,2412,22763312,132,133,131.5,132
2025-11-24,2454,2454,10115078,1155,1170,1145,1150
2025-11-24,2881,2881,101667876,89.5,93,89,92
2025-11-24,2882,2882,36690195,63.8,65.5,63.8,65.5
2025-11-24,2884,2884,104633717,30.25,30.8,30.25,30.8
2025-11-24,2885,2885,65549775,35.6,36.2,35.5,36.05
2025-11-24,2886,2886,58531506,39.7,40.35,39.6,40.35
2025-11-24,2887,2887,106235419,18.4,18.65,18.35,18.5
2025-11-24,2891,2891,79070976,43.5,44.1,43.3,44.1
2025-11-25,0050,0050,64411018,60.7,60.75,60.1,60.35
2025-11-25,0051,0051,47980,86.85,87.3,86.6,87.3
2025-11-25,0053,0053,11747,130.15,130.15,129.2,129.8
2025-11-25,0056,0056,29883503,35.28,35.39,35.04,35.15
2025-11-25,1301,1301,30337777,41,41,38.4,38.9
2025-11-25,1303,1303,126477283,56.4,56.5,50.9,52.4
2025-11-25,1326,1326,18397504,32.25,32.35,30.5,30.85
2025-11-25,2308,2308,10504174,913,926,899,910
2025-11-25,2317,2317,73643136,225,226,219,219
2025-11-25,2330,2330,31006765,1425,1425,1405,1415
2025-11-25,2412,2412,7643993,131.5,132,130.5,131
2025-11-25,2454,2454,7621993,1175,1205,1175,1185
2025-11-25,2881,2881,77311040,91.8,94,91,92.9
2025-11-25,2882,2882,21041862,65.5,66,65,65.1
2025-11-25,2884,2884,39342655,30.7,30.7,30.1,30.1
2025-11-25,2885,2885,36151738,35.95,36,35.05,35.25
2025-11-25,2886,2886,21955610,40.05,40.15,39.45,39.55
2025-11-25,2887,2887,48311949,18.65,18.8,18.55,18.6
2025-11-25,2891,2891,35627587,43.75,44,43.25,43.3
2025-11-26,0050,0050,75793554,61.1,61.5,61,61.35
2025-11-26,0051,0051,62189,88,88.25,87.5,87.75
2025-11-26,0052,0052,272824460,35.38,35.4,35.2,35.35
2025-11-26,0053,0053,36651,131,132.4,131,131.3
2025-11-26,0056,0056,30539036,35.4,35.71,35.4,35.69
2025-11-26,1301,1301,12828376,39.05,39.7,38.9,39.5
2025-11-26,1303,1303,68850257,52.3,52.3,50.1,51.1
2025-11-26,1326,1326,12767779,31.25,31.6,30.75,31.6
2025-11-26,2308,2308,11426896,928,950,916,945
2025-11-26,2317,2317,68461990,221,228,221,227
2025-11-26,2330,2330,31659935,1430,1440,1425,1440
2025-11-26,2412,2412,5541939,131,131.5,130.5,131
2025-11-26,2454,2454,12757928,1220,1300,1215,1300
2025-11-26,2881,2881,58023931,93.9,94.6,92.9,93.2
2025-11-26,2882,2882,18611609,65.5,66,65.3,65.8
2025-11-26,2884,2884,30322525,30.45,30.5,30.3,30.5
2025-11-26,2885,2885,23410929,35.5,36,35.45,36
2025-11-26,2886,2886,17610261,40,40.3,39.9,40.3
2025-11-26,2887,2887,30297534,18.7,18.8,18.55,18.55
2025-11-26,2891,2891,33976470,43.7,43.7,43.05,43.4
2025-11-27,0050,0050,53852335,61.8,62.1,61.65,61.9
2025-11-27,0051,0051,77040,88.15,89.35,88.15,89.35
2025-11-27,0052,0052,105493794,35.8,35.88,35.52,35.68
2025-11-27,0053,0053,11652,131.95,134,131.95,133.1
2025-11-27,0056,0056,33853276,35.84,36.13,35.76,36.13
2025-11-27,1301,1301,29933639,39.45,41.75,39.45,41.55
2025-11-27,1303,1303,153271208,52.4,56.2,52.4,56.2
2025-11-27,1326,1326,21585266,31.6,33.3,31.6,33.15
2025-11-27,2308,2308,8820259,955,959,938,942
2025-11-27,2317,2317,63038658,229,232,226,231
2025-11-27,2330,2330,24202285,1450,1455,1430,1435
2025-11-27,2412,2412,4231967,130.5,131,130.5,131
2025-11-27,2454,2454,20617533,1360,1370,1325,1340
2025-11-27,2881,2881,51827067,92.7,94.5,92.1,93.9
2025-11-27,2882,2882,27551321,65.2,65.8,64.8,65.8
2025-11-27,2884,2884,16615761,30.4,30.5,30.3,30.4
2025-11-27,2885,2885,25248774,36,36.7,35.75,36.5
2025-11-27,2886,2886,14478422,40.1,40.7,40.1,40.55
2025-11-27,2887,2887,33556736,18.5,18.7,18.5,18.65
2025-11-27,2891,2891,34143739,43.4,44,43.25,44
2025-11-28,0050,0050,68386478,61.95,62.4,61.85,62.35
2025-11-28,0051,0051,78760,89.1,90.5,89.1,90.5
2025-11-28,0052,0052,58627470,35.75,36.08,35.71,36.01
2025-11-28,0053,0053,13230,134.1,134.8,133.35,134.8
2025-11-28,0056,0056,26708743,36.06,36.13,35.93,36.02
2025-11-28,1301,1301,22553224,41.6,42.25,41.15,41.65
2025-11-28,1303,1303,252999258,57.8,60.9,57.2,59
2025-11-28,1326,1326,19686445,33.15,33.65,32.8,33.4
2025-11-28,2308,2308,8363698,946,946,928,932
2025-11-28,2317,2317,56939840,229.5,229.5,225,225.5
2025-11-28,2330,2330,26130506,1440,1455,1435,1440
2025-11-28,2412,2412,4642104,130.5,131,130.5,130.5
2025-11-28,2454,2454,20747611,1375,1410,1365,1395
2025-11-28,2881,2881,21212945,93.2,94.1,92.5,92.6
2025-11-28,2882,2882,29390376,65.2,65.5,64.2,64.2
2025-11-28,2884,2884,26889097,30.5,30.55,30.3,30.35
2025-11-28,2885,2885,17390107,36.45,36.45,35.9,36.1
2025-11-28,2886,2886,11253101,40.4,40.55,40.05,40.1
2025-11-28,2887,2887,129770386,18.4,18.4,18,18.05
2025-11-28,2891,2891,29045918,43.65,43.95,43.3,43.45
2025-12-01,0050,0050,103003085,61.8,61.95,61.4,61.5
2025-12-01,0051,0051,140371,90.55,90.55,89.3,89.5
2025-12-01,0052,0052,103756610,35.8,35.81,35.35,35.36
2025-12-01,0053,0053,22053,134.2,134.2,132.6,133.3
2025-12-01,0056,0056,24326752,36,36.12,35.95,36
2025-12-01,1301,1301,23016544,41.65,42.6,41.65,41.9
2025-12-01,1303,1303,234435298,63.1,63.9,59.5,61.1
2025-12-01,1326,1326,15994026,33.65,34.5,33.55,33.65
2025-12-01,2308,2308,17532398,936,978,932,973
2025-12-01,2317,2317,52409098,225,226,222,222
2025-12-01,2330,2330,33722188,1445,1445,1410,1410
2025-12-01,2412,2412,8706958,131,131,130,130
2025-12-01,2454,2454,20715349,1420,1450,1400,1445
2025-12-01,2881,2881,14153247,92.5,93.7,91.8,91.8
2025-12-01,2882,2882,22489125,64.1,65.2,64.1,64.8
2025-12-01,2884,2884,27041966,30.5,30.7,30.4,30.55
2025-12-01,2885,2885,12505939,35.95,36.1,35.65,35.75
2025-12-01,2886,2886,15397229,39.8,40.5,39.8,40.3
2025-12-01,2887,2887,65276984,18.1,18.5,18.1,18.35
2025-12-01,2891,2891,22268620,43.3,43.7,43.25,43.4
2025-12-02,0050,0050,43152711,61.8,62.2,61.65,61.7
2025-12-02,0051,0051,53292,89.9,90.25,89.55,89.55
2025-12-02,0052,0052,34447663,35.65,35.8,35.39,35.41
2025-12-02,0053,0053,13718,133.3,134.45,132.5,132.5
2025-12-02,0056,0056,23109627,36.02,36.24,36.02,36.11
2025-12-02,1301,1301,45852419,42.2,44.4,42.05,43.45
2025-12-02,1303,1303,234676835,61.5,65.5,61.3,64.4
2025-12-02,1326,1326,43711837,34,36.5,33.85,35.45
2025-12-02,2308,2308,20318111,988,998,974,989
2025-12-02,2317,2317,49869243,220.5,225,220.5,222
2025-12-02,2330,2330,27923064,1430,1440,1420,1430
2025-12-02,2412,2412,6489747,130,130.5,130,130
2025-12-02,2454,2454,11909886,1445,1460,1410,1415
2025-12-02,2881,2881,26391626,92.7,92.7,91.4,92.1
2025-12-02,2882,2882,41471350,65.2,66.6,65.2,66.6
2025-12-02,2884,2884,38178839,30.6,30.85,30.55,30.85
2025-12-02,2885,2885,31882590,36,36.55,35.8,36.55
2025-12-02,2886,2886,18039547,40.1,40.55,40.1,40.2
2025-12-02,2887,2887,116002082,18.4,19,18.4,18.8
2025-12-02,2891,2891,31413229,43.8,44.1,43.65,44.1
2025-12-03,0050,0050,46546830,62.4,62.5,62.1,62.3
2025-12-03,0051,0051,43885,90,90.2,89.65,89.8
2025-12-03,0052,0052,28383484,35.82,35.94,35.7,35.81
2025-12-03,0053,0053,25735,133.95,134.8,133.5,134.1
2025-12-03,0056,0056,20484027,36.35,36.45,36.27,36.31
2025-12-03,1301,1301,43170094,43.8,44.6,43.05,43.85
2025-12-03,1303,1303,262513069,65,68.1,64.1,67.7
2025-12-03,1326,1326,33266976,35.7,36.4,35.1,35.6
2025-12-03,2308,2308,12779073,997,1005,984,997
2025-12-03,2317,2317,53110402,225,230,225,227
2025-12-03,2330,2330,25462840,1440,1450,1435,1450
2025-12-03,2412,2412,5307480,130.5,130.5,130,130
2025-12-03,2454,2454,10101740,1405,1435,1400,1400
2025-12-03,2881,2881,18807323,92.2,93.1,91.7,93.1
2025-12-03,2882,2882,34276507,66.7,67.6,66.2,67.6
2025-12-03,2884,2884,35517658,31,31,30.3,30.4
2025-12-03,2885,2885,19019052,36.7,36.7,36.15,36.55
2025-12-03,2886,2886,10532830,40.2,40.35,39.9,40.1
2025-12-03,2887,2887,40924438,18.8,18.85,18.65,18.75
2025-12-03,2891,2891,27402854,44,44.1,43.5,43.7
2025-12-04,0050,0050,40655322,62.4,62.5,62,62.2
2025-12-04,0051,0051,45776,90.2,90.2,89.5,89.8
2025-12-04,0052,0052,28232053,35.89,35.92,35.59,35.68
2025-12-04,0053,0053,11263,134.8,134.8,133.5,133.5
2025-12-04,0056,0056,18849846,36.37,36.41,36.31,36.4
2025-12-04,1301,1301,32873909,44.5,44.8,42.25,42.8
2025-12-04,1303,1303,224384126,68.3,68.4,62.8,63.4
2025-12-04,1326,1326,22437201,36.2,36.35,34.2,34.45
2025-12-04,2308,2308,6988805,999,1005,991,999
2025-12-04,2317,2317,25728854,230,230,227.5,228.5
2025-12-04,2330,2330,21934952,1445,1450,1430,1445
2025-12-04,2412,2412,5849550,130,130.5,129.5,129.5
2025-12-04,2454,2454,6588595,1405,1415,1385,1405
2025-12-04,2881,2881,25429629,93.1,94.9,93,94.7
2025-12-04,2882,2882,39014958,67.5,69.2,67.4,69
2025-12-04,2884,2884,22190634,30.4,30.8,30.4,30.8
2025-12-04,2885,2885,36652683,36.75,37.7,36.5,37.3
2025-12-04,2886,2886,17527922,40.05,40.55,40.05,40.55
2025-12-04,2887,2887,111375134,18.85,19.15,18.8,19.15
2025-12-04,2891,2891,26258778,43.6,44.4,43.6,44.35
2025-12-05,0050,0050,47277037,62.45,62.75,62.35,62.75
2025-12-05,0051,0051,41819,89.9,90,89.5,90
2025-12-05,0052,0052,26640542,35.77,36.12,35.77,36.12
2025-12-05,0053,0053,17585,134.95,135.05,133.95,135.05
2025-12-05,0056,0056,23777045,36.41,36.57,36.41,36.55
2025-12-05,1301,1301,17922413,42.6,42.6,41.6,42.15
2025-12-05,1303,1303,91640083,62.8,63.9,61.9,63.4
2025-12-05,1326,1326,12535142,34.2,34.2,33.4,33.85
2025-12-05,2308,2308,9899996,998,1005,973,979
2025-12-05,2317,2317,35103317,229,231.5,228.5,231
2025-12-05,2330,2330,22539737,1445,1460,1440,1460
2025-12-05,2412,2412,5326443,130,131,129.5,130
2025-12-05,2454,2454,7989290,1420,1445,1405,1425
2025-12-05,2881,2881,11789587,94.9,94.9,93.6,94.9
2025-12-05,2882,2882,17907051,68.5,68.7,67.8,68.7
2025-12-05,2884,2884,25312877,30.8,30.8,30.5,30.65
2025-12-05,2885,2885,20631619,37.8,37.8,37.3,37.75
2025-12-05,2886,2886,5828872,40.4,40.85,40.4,40.85
2025-12-05,2887,2887,53864742,19.15,19.25,19.1,19.25
2025-12-05,2891,2891,21347896,44.4,44.55,44.2,44.55
2025-12-08,0050,0050,78686347,63,63.7,62.95,63.7
2025-12-08,0051,0051,78559,90.2,91,90.2,90.9
2025-12-08,0052,0052,43478825,36.4,36.82,36.34,36.82
2025-12-08,0053,0053,14460,135.6,137.2,135.4,137.2
2025-12-08,0056,0056,31126570,36.59,36.65,36.57,36.62
2025-12-08,1301,1301,11731744,42.15,42.3,41.5,41.9
2025-12-08,1303,1303,106385560,63.8,64.8,62.3,63.4
2025-12-08,1326,1326,10084923,33.6,33.95,33.2,33.45
2025-12-08,2308,2308,5977776,985,993,970,979
2025-12-08,2317,2317,29940997,231.5,232,229,232
2025-12-08,2330,2330,27405663,1465,1495,1460,1495
2025-12-08,2412,2412,5794848,130,130.5,129.5,129.5
2025-12-08,2454,2454,6112182,1430,1440,1405,1440
2025-12-08,2881,2881,15786472,94.6,95.5,94,95.5
2025-12-08,2882,2882,16844131,68.3,69,67.8,69
2025-12-08,2884,2884,146711672,31.85,32.95,31.35,32
2025-12-08,2885,2885,22828777,37.5,37.6,37.05,37.4
2025-12-08,2886,2886,7270174,40.75,40.75,40.35,40.55
2025-12-08,2887,2887,47822504,19.25,19.35,19.1,19.1
2025-12-08,2891,2891,26982595,44.55,44.75,44.3,44.55
2025-12-09,0050,0050,50671148,63.8,63.85,63.55,63.6
2025-12-09,0051,0051,38832,90.95,91.1,90.7,90.7
2025-12-09,0052,0052,46234204,37,37,36.72,36.77
2025-12-09,0053,0053,6043,137.3,137.6,137.25,137.25
2025-12-09,0056,0056,21617653,36.65,36.69,36.56,36.58
2025-12-09,1301,1301,26127834,41.45,41.5,40.25,40.3
2025-12-09,1303,1303,91971053,62.1,62.9,60.5,62.1
2025-12-09,1326,1326,15486477,33.1,33.15,32.2,32.5
2025-12-09,2308,2308,7892104,976,980,966,971
2025-12-09,2317,2317,54359440,233,236.5,232,235
2025-12-09,2330,2330,27555343,1495,1500,1480,1480
2025-12-09,2412,2412,4855718,130,130,129.5,130
2025-12-09,2454,2454,5330190,1435,1440,1415,1420
2025-12-09,2881,2881,16634688,95.3,96.3,95.2,96.3
2025-12-09,2882,2882,18546205,68.5,69.2,68.5,69.2
2025-12-09,2884,2884,62333143,32.45,32.55,32,32.1
2025-12-09,2885,2885,31823562,37.4,38.2,37.35,38.2
2025-12-09,2886,2886,10612282,40.25,40.7,40.25,40.7
2025-12-09,2887,2887,49134594,19.1,19.25,19.05,19.25
2025-12-09,2891,2891,28682060,44.6,44.95,44.4,44.95
2025-12-10,0050,0050,66717948,63.7,64.2,63.65,64.05
2025-12-10,0051,0051,24691,90.55,90.9,90.55,90.6
2025-12-10,0052,0052,37284974,36.82,37.11,36.79,37.02
2025-12-10,0053,0053,17481,137.9,138.8,137.55,138.55
2025-12-10,0056,0056,22134213,36.62,36.65,36.55,36.59
2025-12-10,1301,1301,16033863,40.3,40.6,39.8,39.8
2025-12-10,1303,1303,72310843,62.6,63.7,61.1,61.4
2025-12-10,1326,1326,9464754,32.45,32.8,32.05,32.2
2025-12-10,2308,2308,6353279,973,978,965,968
2025-12-10,2317,2317,36069288,236,236,232,233.5
2025-12-10,2330,2330,26387641,1490,1505,1485,1505
2025-12-10,2412,2412,4102826,130,130,129.5,129.5
2025-12-10,2454,2454,9199887,1435,1460,1425,1460
2025-12-10,2881,2881,12252912,96.3,96.8,94.7,95.2
2025-12-10,2882,2882,18293033,69.1,69.3,68,68.5
2025-12-10,2884,2884,25131406,32.1,32.45,32.1,32.1
2025-12-10,2885,2885,26731893,38.2,38.2,37.4,37.4
2025-12-10,2886,2886,6339751,40.7,40.8,40.5,40.65
2025-12-10,2887,2887,34663836,19.15,19.25,19.15,19.15
2025-12-10,2891,2891,20774941,44.95,44.95,44.55,44.8
2025-12-11,0050,0050,101197570,64.3,64.5,63.2,63.35
2025-12-11,0051,0051,50501,91,91.1,90,90.4
2025-12-11,0052,0052,83069313,37.28,37.28,36.44,36.55
2025-12-11,0053,0053,15956,138.9,138.9,136.3,136.8
2025-12-11,0056,0056,34864754,36.62,36.63,36.22,36.33
2025-12-11,1301,1301,14845130,40,40.2,39.45,39.85
2025-12-11,1303,1303,73179542,61.8,62.1,59.7,59.9
2025-12-11,1326,1326,11425431,32.3,32.55,31.5,31.7
2025-12-11,2308,2308,12453039,970,976,945,945
2025-12-11,2317,2317,60054527,234,234.5,226,226
2025-12-11,2330,2330,31820417,1510,1515,1465,1470
2025-12-11,2412,2412,4890917,130,130.5,129.5,130
2025-12-11,2454,2454,10005124,1445,1450,1395,1395
2025-12-11,2881,2881,11702145,95.7,96,94.4,95.1
2025-12-11,2882,2882,27598689,69.2,69.7,68.5,69.2
2025-12-11,2884,2884,38374488,32.15,32.45,31.95,32.35
2025-12-11,2885,2885,22831839,37.8,38,37.2,37.55
2025-12-11,2886,2886,10538858,40.8,40.9,40.45,40.9
2025-12-11,2887,2887,54517465,19.3,19.35,19.15,19.25
2025-12-11,2891,2891,34453735,45,45.15,44.5,45.05
2025-12-12,0050,0050,60240146,63.55,63.8,63.3,63.45
2025-12-12,0051,0051,77748,90.55,91.65,90.55,91.65
2025-12-12,0052,0052,42671777,36.71,36.73,36.45,36.64
2025-12-12,0053,0053,12916,137,137.65,136.35,137.65
2025-12-12,0056,0056,18404514,36.44,36.56,36.4,36.46
2025-12-12,1301,1301,14108850,40.25,40.4,39.7,39.9
2025-12-12,1303,1303,38711443,60.7,61.1,59.8,61.1
2025-12-12,1326,1326,8882188,31.95,32.45,31.7,31.9
2025-12-12,2308,2308,9967630,945,948,929,938
2025-12-12,2317,2317,29684376,227,228.5,225,227
2025-12-12,2330,2330,24025183,1475,1485,1470,1480
2025-12-12,2412,2412,2748568,130.5,130.5,130,130.5
2025-12-12,2454,2454,5427610,1390,1415,1380,1405
2025-12-12,2881,2881,22347129,95.8,97.2,95.5,96.8
2025-12-12,2882,2882,34367172,69.7,70.4,69.5,70.1
2025-12-12,2884,2884,40549399,32.55,33.15,32.5,32.8
2025-12-12,2885,2885,18703134,37.65,38.2,37.6,38.05
2025-12-12,2886,2886,16862690,40.95,41.45,40.85,41.15
2025-12-12,2887,2887,96605558,19.3,19.5,19.25,19.4
2025-12-12,2891,2891,53225115,45.3,46.5,45.25,46.5
2025-12-15,0050,0050,114939409,62.5,62.85,62.4,62.8
2025-12-15,0051,0051,121827,91,91,89.9,90.7
2025-12-15,0052,0052,48708244,35.91,36.09,35.88,36.05
2025-12-15,0053,0053,11169,134.2,135.2,134.1,134.55
2025-12-15,0056,0056,41242997,36.03,36.36,35.99,36.28
2025-12-15,1301,1301,23248271,39.75,41.4,39.55,40.9
2025-12-15,1303,1303,32503687,60,61.4,59.2,60.5
2025-12-15,1326,1326,31955822,32.4,34.7,32.35,33.8
2025-12-15,2308,2308,7161588,917,933,916,922
2025-12-15,2317,2317,44481528,221,223,220.5,221.5
2025-12-15,2330,2330,28160888,1450,1455,1445,1450
2025-12-15,2412,2412,4079929,130,131,130,130.5
2025-12-15,2454,2454,10012197,1385,1450,1385,1420
2025-12-15,2881,2881,15156694,96,96.6,95.3,95.6
2025-12-15,2882,2882,28850138,69.3,70.6,69.2,70.1
2025-12-15,2884,2884,49691776,33,33.05,32.6,33
2025-12-15,2885,2885,23567841,38,39,37.65,38.4
2025-12-15,2886,2886,17169479,41.1,41.7,40.85,41.45
2025-12-15,2887,2887,73700769,19.3,19.5,19.15,19.35
2025-12-15,2891,2891,37395548,46.5,47.15,46.15,46.75
2025-12-16,0050,0050,169375708,62.1,62.25,61.7,62.25
2025-12-16,0051,0051,134599,90.7,90.7,88.4,89.05
2025-12-16,0052,0052,93412953,35.71,35.75,35.38,35.65
2025-12-16,0053,0053,16137,134.15,134.15,132.4,133.45
2025-12-16,0056,0056,76449009,36.05,36.15,35.88,36.07
2025-12-16,1301,1301,16846031,40.75,41.15,40.1,40.15
2025-12-16,1303,1303,46917747,60,60.3,57.9,58.2
2025-12-16,1326,1326,27260334,33.85,34.2,32.45,32.45
2025-12-16,2308,2308,11299114,908,915,899,901
2025-12-16,2317,2317,63458370,220,220.5,215,218
2025-12-16,2330,2330,36751412,1435,1445,1425,1435
2025-12-16,2412,2412,5928159,130,130.5,129.5,130.5
2025-12-16,2454,2454,9341946,1420,1450,1415,1420
2025-12-16,2881,2881,29334087,95,96.2,94.8,96
2025-12-16,2882,2882,72929069,69.7,70.2,69.2,70.2
2025-12-16,2884,2884,58607805,33,33.45,32.95,32.95
2025-12-16,2885,2885,38641150,37.95,39.2,37.95,38.8
2025-12-16,2886,2886,37571748,40.4,40.95,40.2,40.35
2025-12-16,2887,2887,435583104,19.25,20.15,19.2,20.05
2025-12-16,2891,2891,90278154,46.3,47.1,46.3,46.65
2025-12-17,0050,0050,98504980,62.15,62.45,61.85,61.9
2025-12-17,0051,0051,111396,89.25,89.4,88.7,88.75
2025-12-17,0052,0052,37191719,35.64,35.79,35.44,35.46
2025-12-17,0053,0053,13523,133.65,133.75,132.8,132.8
2025-12-17,0056,0056,23392415,36.11,36.35,36.11,36.2
2025-12-17,1301,1301,16954278,40.8,41.15,39.7,39.9
2025-12-17,1303,1303,61407692,58.5,59.1,56.5,57.4
2025-12-17,1326,1326,18847748,32.45,32.9,31.7,32.05
2025-12-17,2308,2308,14101199,900,907,890,890
2025-12-17,2317,2317,51129639,218,219.5,216,216.5
2025-12-17,2330,2330,33103549,1435,1445,1425,1430
2025-12-17,2412,2412,4591685,130.5,130.5,129.5,129.5
2025-12-17,2454,2454,9223276,1435,1455,1425,1425
2025-12-17,2881,2881,33741813,96,97.9,96,97.3
2025-12-17,2882,2882,77256481,70.2,73.5,70.1,73.2
2025-12-17,2884,2884,66951780,33.2,33.8,33.1,33.5
2025-12-17,2885,2885,43805458,38.8,40.1,38.75,39.35
2025-12-17,2886,2886,32692086,40.55,41,40.3,40.35
2025-12-17,2887,2887,641237051,20.2,21.6,20.15,21.25
2025-12-17,2891,2891,126074237,46.9,49.4,46.85,48.95
2025-12-18,0050,0050,117973409,61.8,62.1,61.55,61.9
2025-12-18,0051,0051,53755,88.75,88.85,88.35,88.4
2025-12-18,0052,0052,52410869,35.28,35.54,35.22,35.31
2025-12-18,0053,0053,11299,132.35,132.7,131.95,132.2
2025-12-18,0056,0056,40222634,36.1,36.2,35.98,36.11
2025-12-18,1301,1301,12630239,40.35,40.65,39.65,39.65
2025-12-18,1303,1303,45499325,57.5,59,57.4,57.4
2025-12-18,1326,1326,9692066,32,32.3,31.7,31.7
2025-12-18,2308,2308,6718290,889,896,886,891
2025-12-18,2317,2317,50364181,214.5,217,213.5,216
2025-12-18,2330,2330,33103697,1420,1435,1415,1430
2025-12-18,2412,2412,3774049,129.5,130.5,129.5,130
2025-12-18,2454,2454,5601522,1425,1445,1415,1420
2025-12-18,2881,2881,24121169,97.6,97.6,95.8,96.8
2025-12-18,2882,2882,55255251,73.7,74.8,72.6,74.4
2025-12-18,2884,2884,76417838,33.8,34.2,32.9,33.25
2025-12-18,2885,2885,35526267,39.4,39.7,39.1,39.25
2025-12-18,2886,2886,35983359,40.35,40.8,40.2,40.4
2025-12-18,2887,2887,552105836,21.65,21.7,21.2,21.3
2025-12-18,2891,2891,75653296,49.9,49.9,48.65,49.35
2025-12-19,0050,0050,81027467,62.4,62.75,62.35,62.5
2025-12-19,0051,0051,35070,89.5,89.6,89.15,89.55
2025-12-19,0052,0052,24363230,35.76,35.86,35.61,35.64
2025-12-19,0053,0053,10149,134.45,134.5,133.75,133.75
2025-12-19,0056,0056,20244445,36.15,36.42,36.12,36.38
2025-12-19,1301,1301,10353201,40,40.25,39.8,40
2025-12-19,1303,1303,126489251,58.4,61.4,57.8,59.9
2025-12-19,1326,1326,8208258,31.8,32.45,31.7,32.3
2025-12-19,2308,2308,13809520,899,923,895,911
2025-12-19,2317,2317,41562299,219,221.5,218,221.5
2025-12-19,2330,2330,42614140,1455,1455,1430,1430
2025-12-19,2412,2412,6555589,130,131,129.5,131
2025-12-19,2454,2454,8310030,1440,1445,1410,1410
2025-12-19,2881,2881,21547066,96.6,97.6,96.3,97.3
2025-12-19,2882,2882,52095116,74.6,75.5,73.9,75.5
2025-12-19,2884,2884,140458700,33.2,33.7,32.9,33.55
2025-12-19,2885,2885,49972115,39.25,40.2,39.2,40.2
2025-12-19,2886,2886,37442480,40.25,41.05,40.25,40.6
2025-12-19,2887,2887,491464941,21.1,21.9,21.1,21.4
2025-12-19,2891,2891,88296236,49.15,50.2,48.95,49.5
2025-12-22,0050,0050,93882538,63.3,63.45,63.05,63.4
2025-12-22,0051,0051,53326,90,90.9,90,90.65
2025-12-22,0052,0052,26630844,36.2,36.3,36.1,36.21
2025-12-22,0053,0053,21292,134.9,136,134.9,135.75
2025-12-22,0056,0056,37004660,36.57,36.77,36.55,36.72
2025-12-22,1301,1301,8356579,40.2,40.55,40.1,40.15
2025-12-22,1303,1303,69732905,60.7,61.6,60.3,60.4
2025-12-22,1326,1326,6500830,32.6,33,32.35,32.55
2025-12-22,2308,2308,14176209,911,957,909,953
2025-12-22,2317,2317,40062169,224.5,225.5,223,224
2025-12-22,2330,2330,23919483,1465,1470,1455,1465
2025-12-22,2412,2412,3586382,130.5,131,130,130.5
2025-12-22,2454,2454,6073797,1430,1435,1390,1400
2025-12-22,2881,2881,20764618,97.9,98.5,97.8,98.2
2025-12-22,2882,2882,45705928,75.8,76.7,75.6,76.5
2025-12-22,2884,2884,112981625,33.45,33.6,33.1,33.3
2025-12-22,2885,2885,29826532,40.2,40.25,39.95,40
2025-12-22,2886,2886,31909988,40.65,41.2,40.65,41.2
2025-12-22,2887,2887,485118338,21.45,21.65,21.2,21.2
2025-12-22,2891,2891,71558308,50,50.4,49.7,50.4
2025-12-23,0050,0050,101867829,63.5,63.8,63.5,63.7
2025-12-23,0051,0051,109609,91.3,91.3,90.45,90.45
2025-12-23,0052,0052,27889438,36.36,36.51,36.36,36.46
2025-12-23,0053,0053,11548,137,137.35,136.9,137.1
2025-12-23,0056,0056,38049342,36.73,36.74,36.52,36.54
2025-12-23,1301,1301,9438719,40.3,40.5,39.65,40.1
2025-12-23,1303,1303,62689338,60.4,60.4,57.8,58.8
2025-12-23,1326,1326,15258319,32.6,33.35,32,33
2025-12-23,2308,2308,6033660,962,965,943,943
2025-12-23,2317,2317,29629268,225.5,226,223.5,224
2025-12-23,2330,2330,22337117,1475,1490,1470,1490
2025-12-23,2412,2412,4036752,130.5,131,130,130.5
2025-12-23,2454,2454,5671118,1405,1405,1380,1390
2025-12-23,2881,2881,16397664,98.5,98.6,96.7,98.1
2025-12-23,2882,2882,39725029,76.8,76.8,74.7,76.7
2025-12-23,2884,2884,106150508,33.2,33.55,32.75,33.55
2025-12-23,2885,2885,30848461,40,40.8,39.95,40.55
2025-12-23,2886,2886,12647133,41.05,41.2,40.7,40.95
2025-12-23,2887,2887,362589926,21.2,21.25,20.9,20.9
2025-12-23,2891,2891,51498944,50.4,50.4,49.85,50.4
2025-12-24,0050,0050,64106420,63.95,64.05,63.75,63.85
2025-12-24,0051,0051,28129,90.45,90.9,90.45,90.6
2025-12-24,0052,0052,18713629,36.68,36.69,36.49,36.55
2025-12-24,0053,0053,13929,137.4,138.05,136.8,136.9
2025-12-24,0056,0056,25209782,36.56,36.63,36.5,36.55
2025-12-24,1301,1301,9272137,40.35,40.45,39.7,39.75
2025-12-24,1303,1303,51548933,59.7,61,58.1,58.1
2025-12-24,1326,1326,8820477,33.05,33.25,32.2,32.2
2025-12-24,2308,2308,5165678,952,960,948,955
2025-12-24,2317,2317,36443763,225.5,227.5,224,224
2025-12-24,2330,2330,13707427,1495,1500,1485,1495
2025-12-24,2412,2412,1880723,130.5,131,130.5,130.5
2025-12-24,2454,2454,3385989,1395,1400,1380,1380
2025-12-24,2881,2881,15681176,98.4,98.8,97.9,98
2025-12-24,2882,2882,43933293,77,77.3,75.1,75.9
2025-12-24,2884,2884,107419499,33.15,33.95,32.85,33.95
2025-12-24,2885,2885,22293939,40.55,40.6,40,40.1
2025-12-24,2886,2886,11623819,40.95,40.95,40.6,40.7
2025-12-24,2887,2887,322884889,21.05,21.25,20.75,20.75
2025-12-24,2891,2891,57248619,50.1,50.9,49.85,50.3
2025-12-26,0050,0050,70816194,64.2,64.5,64.1,64.4
2025-12-26,0051,0051,36754,90.95,91.45,90.95,91.2
2025-12-26,0052,0052,26413506,36.8,36.91,36.7,36.89
2025-12-26,0053,0053,23106,137.75,138.25,137.75,138.15
2025-12-26,0056,0056,32736860,36.59,36.61,36.5,36.61
2025-12-26,1301,1301,5343576,40.05,40.05,39.65,39.75
2025-12-26,1303,1303,37995984,58.8,59.2,57.5,57.5
2025-12-26,1326,1326,4927597,32.45,32.45,31.95,32.05
2025-12-26,2308,2308,3406520,960,962,952,956
2025-12-26,2317,2317,28935431,225.5,227.5,224.5,225.5
2025-12-26,2330,2330,20806344,1505,1510,1495,1510
2025-12-26,2412,2412,2608396,130.5,131.5,130.5,131.5
2025-12-26,2454,2454,3219060,1390,1395,1380,1385
2025-12-26,2881,2881,13026945,98.1,98.3,97,97
2025-12-26,2882,2882,34944074,75.9,75.9,74.3,74.8
2025-12-26,2884,2884,91774406,33.65,34.15,33.2,34.15
2025-12-26,2885,2885,23638347,40.1,40.3,39.65,40
2025-12-26,2886,2886,14331078,40.7,40.85,40.4,40.6
2025-12-26,2887,2887,272058869,20.8,20.95,20.6,20.6
2025-12-26,2891,2891,50917330,50.3,50.3,49.45,49.8
2025-12-29,0050,0050,86510015,64.65,65.35,64.6,65.25
2025-12-29,0051,0051,44143,91.2,91.35,90.95,91.25
2025-12-29,0052,0052,35108523,37,37.45,37,37.4
2025-12-29,0053,0053,30278,138.85,140.4,138.85,140.3
2025-12-29,0056,0056,35740386,36.61,36.78,36.61,36.73
2025-12-29,1301,1301,14655829,39.85,40.35,39.4,39.5
2025-12-29,1303,1303,60874354,58.2,60.3,58.1,58.7
2025-12-29,1326,1326,6839606,32.05,32.7,32,32.05
2025-12-29,2308,2308,6436356,960,974,960,962
2025-12-29,2317,2317,57945280,227,233,226.5,231
2025-12-29,2330,2330,24010398,1515,1530,1510,1530
2025-12-29,2412,2412,4345885,131,132,131,132
2025-12-29,2454,2454,6672115,1390,1425,1380,1420
2025-12-29,2881,2881,6620803,96.9,98.3,96.8,98.2
2025-12-29,2882,2882,14492963,74.7,76.2,74.2,76
2025-12-29,2884,2884,33784450,33.95,33.95,33.6,33.65
2025-12-29,2885,2885,17407145,39.9,40.2,39.7,39.85
2025-12-29,2886,2886,11127674,40.6,40.6,40.25,40.35
2025-12-29,2887,2887,90279550,20.6,20.8,20.2,20.4
2025-12-29,2891,2891,19188858,49.95,50.6,49.65,50.4
2025-12-30,0050,0050,61058197,64.9,65.3,64.75,65.15
2025-12-30,0051,0051,88882,91.25,91.55,90.85,91.55
2025-12-30,0052,0052,29671784,37.22,37.46,37.08,37.45
2025-12-30,0053,0053,19013,138.8,139.95,138.8,139.9
2025-12-30,0056,0056,32868998,36.72,36.72,36.59,36.69
2025-12-30,1301,1301,15982802,39.6,39.65,38.7,39.1
2025-12-30,1303,1303,26487920,58.7,59,58,58.3
2025-12-30,1326,1326,8545384,32.05,32.4,31.55,32.3
2025-12-30,2308,2308,4664368,964,970,957,961
2025-12-30,2317,2317,36162418,230.5,231,228,228
2025-12-30,2330,2330,21819219,1515,1530,1510,1520
2025-12-30,2412,2412,7082027,132,132,131,131
2025-12-30,2454,2454,4492497,1405,1430,1400,1420
2025-12-30,2881,2881,9888380,97.6,97.8,96.8,97
2025-12-30,2882,2882,27519197,75.5,76.5,75.1,76.2
2025-12-30,2884,2884,60570093,33.55,34.15,33.2,33.85
2025-12-30,2885,2885,34437861,39.6,39.85,39.45,39.65
2025-12-30,2886,2886,15191549,40.35,40.45,40.15,40.15
2025-12-30,2887,2887,45139280,20.3,20.7,20.3,20.55
2025-12-30,2891,2891,19228308,50,50.5,49.95,50.2
2025-12-31,0050,0050,71868485,65.1,65.85,64.9,65.6
2025-12-31,0051,0051,84303,91.55,91.9,91.5,91.5
2025-12-31,0052,0052,62432257,37.31,37.97,37.29,37.89
2025-12-31,0053,0053,19740,140.65,141.4,140.65,140.9
2025-12-31,0056,0056,30418269,36.69,36.76,36.65,36.73
2025-12-31,1301,1301,10619995,39.2,39.4,38.8,39
2025-12-31,1303,1303,90915325,58.4,61.3,56.8,60.2
2025-12-31,1326,1326,7302104,32.3,32.4,31.75,32.1
2025-12-31,2308,2308,9297343,959,974,950,963
2025-12-31,2317,2317,41319239,228.5,231.5,228,230.5
2025-12-31,2330,2330,31389568,1520,1550,1515,1550
2025-12-31,2412,2412,3577446,131.5,132,130.5,130.5
2025-12-31,2454,2454,6748078,1420,1450,1415,1430
2025-12-31,2881,2881,12624997,97,97.4,96.1,96.1
2025-12-31,2882,2882,37367903,75.7,76.2,75,75.8
2025-12-31,2884,2884,59988389,33.85,34.05,33.4,33.75
2025-12-31,2885,2885,55860672,39.8,39.95,39,39.3
2025-12-31,2886,2886,10664794,40.25,40.45,40,40
2025-12-31,2887,2887,59128161,20.6,20.75,20.4,20.4
2025-12-31,2891,2891,23732239,50.2,50.5,49.8,50.2
2026-01-02,0050,0050,81135717,66,67,65.8,66.95
2026-01-02,0051,0051,95494,91.5,92.75,91.5,92.35
2026-01-02,0052,0052,46573974,38.09,38.78,37.94,38.76
2026-01-02,0053,0053,34000,142.3,144.2,142.3,143.65
2026-01-02,0056,0056,55463608,36.77,37.09,36.77,37.01
2026-01-02,1301,1301,20388290,39.3,39.3,38.2,38.45
2026-01-02,1303,1303,101489286,60.2,60.2,57,57
2026-01-02,1326,1326,20271981,32.15,32.15,30.8,30.95
2026-01-02,2308,2308,14649316,970,998,969,995
2026-01-02,2317,2317,58776015,232,233.5,229,232
2026-01-02,2330,2330,39836425,1555,1585,1545,1585
2026-01-02,2412,2412,3280560,131.5,132,131,132
2026-01-02,2454,2454,12570809,1450,1495,1440,1470
2026-01-02,2881,2881,13130192,96.2,97,95.5,95.6
2026-01-02,2882,2882,25849549,75.4,76,74.8,75.2
2026-01-02,2884,2884,61726864,33.8,34.1,33.4,34.1
2026-01-02,2885,2885,49993463,39.5,39.85,39.3,39.65
2026-01-02,2886,2886,10256403,40,40.4,39.95,40.3
2026-01-02,2887,2887,45785582,20.4,20.65,20.35,20.4
2026-01-02,2891,2891,37562055,50.2,51,49.85,50.8
2026-01-05,0050,0050,232910010,68.1,70.05,68.05,69.5
2026-01-05,0051,0051,153527,93,93.5,93,93
2026-01-05,0052,0052,101052485,39.75,40.87,39.7,40.4
2026-01-05,0053,0053,33137,147.4,150.15,147.2,149.15
2026-01-05,0056,0056,82637678,37.17,37.34,37.1,37.13
2026-01-05,1301,1301,16752075,38.45,38.65,37.9,38
2026-01-05,1303,1303,82573213,57.2,57.6,55.1,55.6
2026-01-05,1326,1326,12291876,30.95,31.2,30.3,30.45
2026-01-05,2308,2308,13808472,1010,1025,1000,1010
2026-01-05,2317,2317,64697110,234.5,236,233.5,234.5
2026-01-05,2330,2330,76182999,1630,1695,1625,1670
2026-01-05,2412,2412,12120071,131.5,133,131.5,133
2026-01-05,2454,2454,14470072,1510,1530,1495,1525
2026-01-05,2881,2881,20458306,95.6,97.3,95.3,97.2
2026-01-05,2882,2882,26905026,75,76.5,74.5,76.5
2026-01-05,2884,2884,59631064,33.95,34.2,33.7,33.85
2026-01-05,2885,2885,52422387,39.65,40.1,39.2,39.3
2026-01-05,2886,2886,12584916,40.25,40.6,40.1,40.3
2026-01-05,2887,2887,102245474,20.4,21.25,20.4,21
2026-01-05,2891,2891,35653785,50.4,50.7,49.9,49.9
2026-01-06,0050,0050,130176548,69.45,70.4,68.95,70.4
2026-01-06,0051,0051,121670,93.2,95.25,93.2,94.6
2026-01-06,0052,0052,77151705,40.27,41.1,40.2,41.1
2026-01-06,0053,0053,31919,149.15,151.2,148.9,151
2026-01-06,0056,0056,60484594,37.15,37.33,37.15,37.26
2026-01-06,1301,1301,18619258,38,38.8,38,38.2
2026-01-06,1303,1303,83828180,56.3,59.4,56.3,58.9
2026-01-06,1326,1326,14832516,30.65,31.7,30.65,31.2
2026-01-06,2308,2308,17611330,1005,1050,983,1050
2026-01-06,2317,2317,68919645,237,239,232.5,236
2026-01-06,2330,2330,54073389,1645,1705,1645,1705
2026-01-06,2412,2412,8300884,133,133.5,132.5,132.5
2026-01-06,2454,2454,8513790,1505,1505,1480,1485
2026-01-06,2881,2881,12562628,97.3,97.7,96.3,96.4
2026-01-06,2882,2882,16019108,76.1,76.6,75.7,76
2026-01-06,2884,2884,38643639,33.9,34.05,33.65,33.7
2026-01-06,2885,2885,34614383,39.35,40.45,39.35,40.45
2026-01-06,2886,2886,17266333,40.6,40.85,40.45,40.55
2026-01-06,2887,2887,64918337,21.2,21.25,20.9,20.9
2026-01-06,2891,2891,26365831,49.95,50.2,49.6,49.85
2026-01-07,0050,0050,122267721,70.4,70.45,69.7,69.85
2026-01-07,0051,0051,109163,95,96.3,95,96.2
2026-01-07,0052,0052,72284388,41.1,41.11,40.64,40.77
2026-01-07,0053,0053,26398,150.65,151.2,150.2,150.85
2026-01-07,0056,0056,84166000,37.34,37.72,37.33,37.62
2026-01-07,1301,1301,53964617,38.55,41.1,38.55,40.65
2026-01-07,1303,1303,206471229,60.1,64.7,60,64.7
2026-01-07,1326,1326,28080910,31.4,32.95,31.4,32.5
2026-01-07,2308,2308,18956362,1080,1085,988,1030
2026-01-07,2317,2317,88280139,237.5,241.5,235,238.5
2026-01-07,2330,2330,54807595,1665,1685,1665,1675
2026-01-07,2412,2412,12265952,132,133.5,132,133
2026-01-07,2454,2454,7517221,1490,1505,1475,1490
2026-01-07,2881,2881,13021584,96.5,96.7,95.7,96.1
2026-01-07,2882,2882,16489328,76.5,76.5,74.9,75.6
2026-01-07,2884,2884,44421826,33.75,33.75,33.2,33.25
2026-01-07,2885,2885,32545887,40.1,40.3,39.75,40.2
2026-01-07,2886,2886,14824905,40.55,40.55,40.2,40.35
2026-01-07,2887,2887,57207829,20.8,20.95,20.7,20.85
2026-01-07,2891,2891,27122320,49.9,50.1,49.1,49.35
2026-01-08,0050,0050,74866080,69.65,70.35,69.4,70.1
2026-01-08,0051,0051,89936,96,96.2,95.05,95.45
2026-01-08,0052,0052,52857390,40.6,40.97,40.4,40.84
2026-01-08,0053,0053,29198,150.75,151.35,149.6,150
2026-01-08,0056,0056,63945146,37.62,37.7,37.39,37.41
2026-01-08,1301,1301,65083157,41.4,43.5,41.3,41.7
2026-01-08,1303,1303,258690382,66.2,69.5,66,67
2026-01-08,1326,1326,29927780,33.1,34.1,32.45,32.6
2026-01-08,2308,2308,9495549,1035,1040,1010,1010
2026-01-08,2317,2317,89498594,237.5,237.5,228.5,229.5
2026-01-08,2330,2330,31485749,1660,1700,1655,1685
2026-01-08,2412,2412,8267695,133,134,133,133.5
2026-01-08,2454,2454,9055715,1495,1500,1435,1445
2026-01-08,2881,2881,10025083,96.3,97.1,96.1,97
2026-01-08,2882,2882,15770922,75.6,76.6,75.3,76.4
2026-01-08,2884,2884,40405693,33.2,33.4,32.8,32.8
2026-01-08,2885,2885,29161895,40.2,41.25,40.05,41.1
2026-01-08,2886,2886,16296511,40.35,40.6,40.25,40.45
2026-01-08,2887,2887,55563034,20.9,21,20.65,20.75
2026-01-08,2891,2891,30167877,49.4,49.65,49.3,49.35
2026-01-09,0050,0050,113278257,69.8,70.25,68.9,69.85
2026-01-09,0051,0051,63441,95.45,95.55,93.9,95.2
2026-01-09,0052,0052,62671248,40.45,40.94,40.02,40.66
2026-01-09,0053,0053,45489,149.8,151.35,147.5,150.5
2026-01-09,0056,0056,38775491,37.41,37.55,37.17,37.4
2026-01-09,1301,1301,48332377,42.55,43.7,40.5,41
2026-01-09,1303,1303,182653667,68.5,70,61.5,61.9
2026-01-09,1326,1326,19046213,32.8,33.45,31.6,31.9
2026-01-09,2308,2308,7818509,1000,1030,995,1015
2026-01-09,2317,2317,37370013,230,232,227,230.5
2026-01-09,2330,2330,42191307,1665,1700,1655,1680
2026-01-09,2412,2412,7532788,133,134,132.5,133.5
2026-01-09,2454,2454,8606613,1455,1460,1415,1420
2026-01-09,2881,2881,16348577,97,97,95.2,95.5
2026-01-09,2882,2882,15269795,76.5,76.6,75.2,75.9
2026-01-09,2884,2884,22936877,32.85,33.05,32.65,32.85
2026-01-09,2885,2885,11702383,41.2,41.2,40.5,40.8
2026-01-09,2886,2886,13684490,40.5,40.95,40.4,40.65
2026-01-09,2887,2887,32154456,20.75,20.95,20.55,20.85
2026-01-09,2891,2891,18284802,49.4,49.7,49.3,49.7
2026-01-12,0050,0050,84346348,70.5,70.55,70.05,70.35
2026-01-12,0051,0051,81661,95.8,97.3,95.8,97.1
2026-01-12,0052,0052,37846609,41.05,41.08,40.83,40.9
2026-01-12,0053,0053,35952,151.55,152.25,150.8,150.8
2026-01-12,0056,0056,46400775,37.65,37.75,37.62,37.67
2026-01-12,1301,1301,26875389,41.85,42.45,40.95,41.5
2026-01-12,1303,1303,88763068,63.1,65.4,61.9,64.7
2026-01-12,1326,1326,12134433,32.1,32.5,31.95,32.45
2026-01-12,2308,2308,12690911,1040,1065,1035,1055
2026-01-12,2317,2317,32968055,233,233,228.5,228.5
2026-01-12,2330,2330,34556660,1700,1705,1690,1690
2026-01-12,2412,2412,4675744,133,134,132.5,133.5
2026-01-12,2454,2454,4496882,1445,1450,1425,1445
2026-01-12,2881,2881,13610868,95.6,95.8,95,95
2026-01-12,2882,2882,18324024,76.4,76.4,75.3,76.1
2026-01-12,2884,2884,29140164,32.6,32.7,32.5,32.5
2026-01-12,2885,2885,14398643,40.75,40.75,40.1,40.5
2026-01-12,2886,2886,13307479,40.65,40.65,40.25,40.3
2026-01-12,2887,2887,39841932,20.95,21.05,20.8,20.9
2026-01-12,2891,2891,23012022,50,50.4,49.8,50
2026-01-13,0050,0050,103565147,71.1,71.2,70.3,70.7
2026-01-13,0051,0051,60960,98.1,98.45,96.8,97.5
2026-01-13,0052,0052,67136520,41.33,41.53,41.02,41.24
2026-01-13,0053,0053,17105,153.85,153.85,152,152.4
2026-01-13,0056,0056,65884827,37.9,38,37.67,37.74
2026-01-13,1301,1301,41366639,40.75,40.8,39.65,40.2
2026-01-13,1303,1303,89876199,65,65.2,61.8,62.2
2026-01-13,1326,1326,22505675,32.2,32.2,30.65,31
2026-01-13,2308,2308,12476270,1070,1080,1025,1030
2026-01-13,2317,2317,45735375,230,230.5,226,226.5
2026-01-13,2330,2330,34064122,1720,1720,1700,1710
2026-01-13,2412,2412,7371394,133.5,134,133.5,133.5
2026-01-13,2454,2454,10707392,1455,1485,1450,1485
2026-01-13,2881,2881,19356778,95.2,95.2,94,94.2
2026-01-13,2882,2882,30488408,76.2,77.5,74.8,77.4
2026-01-13,2884,2884,26281985,32.6,32.6,32.4,32.4
2026-01-13,2885,2885,15275986,40.8,40.8,40.15,40.5
2026-01-13,2886,2886,13496293,40.6,40.6,40.3,40.4
2026-01-13,2887,2887,76674391,20.85,21.1,20.8,21.05
2026-01-13,2891,2891,24292393,50.2,50.3,49.6,49.65
2026-01-14,0050,0050,86322515,70.95,71.1,70.65,70.75
2026-01-14,0051,0051,65157,98.45,99.35,98.45,99.3
2026-01-14,0052,0052,50696193,41.38,41.55,41.33,41.35
2026-01-14,0053,0053,19315,153.3,153.35,152.5,152.7
2026-01-14,0056,0056,52030341,37.81,37.98,37.81,37.96
2026-01-14,1301,1301,24551530,40.2,41.15,40.05,41.05
2026-01-14,1303,1303,55389977,62.7,64.2,61.3,63.4
2026-01-14,1326,1326,25893145,30.95,32.2,30.95,31.9
2026-01-14,2308,2308,9296311,1040,1070,1040,1060
2026-01-14,2317,2317,65365361,228,234.5,227.5,234.5
2026-01-14,2330,2330,33253803,1705,1715,1700,1710
2026-01-14,2412,2412,8342270,133.5,134,133,133
2026-01-14,2454,2454,6438448,1485,1500,1480,1500
2026-01-14,2881,2881,19974657,94.5,95.1,93.8,93.8
2026-01-14,2882,2882,37528759,77.5,77.5,74.7,74.7
2026-01-14,2884,2884,29029779,32.5,32.65,32.3,32.3
2026-01-14,2885,2885,17324257,40.7,41.15,40.4,41.15
2026-01-14,2886,2886,15246374,40.6,40.6,40.15,40.5
2026-01-14,2887,2887,78141919,21.1,21.25,21,21.25
2026-01-14,2891,2891,26331414,49.95,50.2,49.3,49.3
2026-01-15,0050,0050,97455363,70.7,70.7,70.15,70.65
2026-01-15,0051,0051,42465,99.1,99.65,99.1,99.35
2026-01-15,0052,0052,59245959,41.16,41.17,40.88,41.1
2026-01-15,0053,0053,14303,152.55,152.6,151.3,152
2026-01-15,0056,0056,52808103,37.98,38.01,37.92,38.01
2026-01-15,1301,1301,57892469,40.95,42.8,40.9,42.6
2026-01-15,1303,1303,226595276,63.7,69.7,63.6,69.7
2026-01-15,1326,1326,54359221,32.05,34.45,32.05,34.45
2026-01-15,2308,2308,8579869,1055,1060,1025,1045
2026-01-15,2317,2317,35041875,234,234,231,233.5
2026-01-15,2330,2330,41703827,1685,1700,1680,1690
2026-01-15,2412,2412,9960620,133.5,134,133,133.5
2026-01-15,2454,2454,8207614,1500,1500,1465,1490
2026-01-15,2881,2881,17608776,94.6,95.5,94.1,94.1
2026-01-15,2882,2882,19452735,74.9,75.9,74.8,75.2
2026-01-15,2884,2884,31147732,32.45,32.7,32.45,32.45
2026-01-15,2885,2885,23776032,41.15,42.2,41.1,41.85
2026-01-15,2886,2886,14115255,40.5,40.75,40.45,40.65
2026-01-15,2887,2887,98731528,21.25,21.65,21.25,21.6
2026-01-15,2891,2891,35529124,49.55,50.4,49.55,50.4
2026-01-16,0050,0050,101069992,71.75,72.1,71.2,72
2026-01-16,0051,0051,202785,99.65,101.15,99.65,100.7
2026-01-16,0052,0052,64178143,41.97,42.09,41.47,42.07
2026-01-16,0053,0053,16575,153.7,156.4,153.7,156
2026-01-16,0056,0056,63588188,38.1,38.3,38.1,38.26
2026-01-16,1301,1301,42821742,42.9,43.4,42.6,43
2026-01-16,1303,1303,370162871,71.8,73.8,70.6,73.8
2026-01-16,1326,1326,31740157,34.55,35.35,33.6,34.5
2026-01-16,2308,2308,24482607,1075,1135,1060,1125
2026-01-16,2317,2317,48950439,235,235,231,234.5
2026-01-16,2330,2330,58108842,1735,1750,1710,1740
2026-01-16,2412,2412,11627152,133.5,134,133,133
2026-01-16,2454,2454,11159846,1500,1525,1490,1505
2026-01-16,2881,2881,18937260,94.6,95.8,94.4,95
2026-01-16,2882,2882,24096029,75.6,76.8,75.4,76.2
2026-01-16,2884,2884,27771605,32.5,32.95,32.45,32.65
2026-01-16,2885,2885,14273400,41.85,42,41.4,41.8
2026-01-16,2886,2886,19561853,40.65,41.05,40.6,40.9
2026-01-16,2887,2887,76131146,21.75,21.9,21.65,21.85
2026-01-16,2891,2891,33638555,50.1,51,49.9,50.5
2026-01-19,0050,0050,122970595,71.7,72.8,71.45,72.6
2026-01-19,0051,0051,177095,100.7,102.8,100.7,102.7
2026-01-19,0052,0052,73592730,41.81,42.7,41.64,42.48
2026-01-19,0053,0053,25133,156.1,157.45,155.35,157.1
2026-01-19,0056,0056,82058239,38.26,38.47,38.18,38.42
2026-01-19,1301,1301,34318610,43,43.95,42.35,43.7
2026-01-19,1303,1303,362661421,75.5,81.1,74.6,79.4
2026-01-19,1326,1326,24330408,34.55,35.2,33.65,34.9
2026-01-19,2308,2308,12864701,1145,1160,1110,1120
2026-01-19,2317,2317,53439088,233.5,233.5,229,229.5
2026-01-19,2330,2330,32242493,1725,1780,1725,1760
2026-01-19,2412,2412,5721459,133.5,134,133,134
2026-01-19,2454,2454,5943945,1510,1510,1465,1485
2026-01-19,2881,2881,15713225,94.4,96.2,94.4,95
2026-01-19,2882,2882,26791757,76.2,78.4,76.1,77.4
2026-01-19,2884,2884,36730474,32.65,33.5,32.6,33
2026-01-19,2885,2885,25252716,42.2,42.75,41.65,42.4
2026-01-19,2886,2886,17916670,40.7,41.1,40.45,40.55
2026-01-19,2887,2887,149397183,21.85,22.9,21.65,22.85
2026-01-19,2891,2891,33753568,50.2,52,50.1,51.2
2026-01-20,0050,0050,111046335,71.9,72.65,71.85,72.6
2026-01-20,0051,0051,80305,101.75,103.2,101.75,102.7
2026-01-20,0052,0052,67530077,42.09,42.64,42,42.64
2026-01-20,0053,0053,16039,155.95,157.65,155.95,157.2
2026-01-20,0056,0056,86877361,38.38,38.54,38.26,38.45
2026-01-20,1301,1301,25957300,43,43.6,42.25,42.4
2026-01-20,1303,1303,229688124,75.2,79.4,74,76.4
2026-01-20,1326,1326,14991205,34.45,34.7,33.85,34
2026-01-20,2308,2308,7555816,1105,1140,1100,1130
2026-01-20,2317,2317,77123735,228.5,228.5,223.5,223.5
2026-01-20,2330,2330,32687106,1740,1775,1740,1775
2026-01-20,2412,2412,5248675,133.5,134,133,133
2026-01-20,2454,2454,6508709,1480,1500,1470,1485
2026-01-20,2881,2881,16804671,94.9,95.2,94,94
2026-01-20,2882,2882,18641720,76.9,77.9,76.2,76.6
2026-01-20,2884,2884,30188715,33.05,33.4,33,33.1
2026-01-20,2885,2885,16105349,42.05,42.2,41.7,41.7
2026-01-20,2886,2886,24827528,40.55,40.55,40,40
2026-01-20,2887,2887,75125820,22.95,23.1,22.75,22.9
2026-01-20,2891,2891,24164430,51,51.5,50.9,51
2026-01-21,0050,0050,173683092,71.8,72.5,71.7,71.85
2026-01-21,0051,0051,114337,102.65,103.05,100.8,101.1
2026-01-21,0052,0052,78759240,42.11,42.49,42,42.11
2026-01-21,0053,0053,28493,157.1,157.7,155.75,155.9
2026-01-21,0056,0056,153787590,38.39,38.53,38.09,38.21
2026-01-21,1301,1301,16197168,42,42.7,41.6,41.85
2026-01-21,1303,1303,101980091,75.3,76.7,73.1,73.7
2026-01-21,1326,1326,15414867,33.45,34.4,33.35,34.05
2026-01-21,2308,2308,18878632,1130,1185,1115,1135
2026-01-21,2317,2317,81041618,221,225,219,219
2026-01-21,2330,2330,50745376,1745,1765,1740,1740
2026-01-21,2412,2412,7233783,133.5,133.5,132.5,133
2026-01-21,2454,2454,8818222,1470,1495,1450,1465
2026-01-21,2881,2881,20749683,93.7,94,92.8,93
2026-01-21,2882,2882,21849416,76.6,77.1,75.3,75.7
2026-01-21,2884,2884,33216181,33,33.35,32.85,33.35
2026-01-21,2885,2885,22466481,41.5,41.65,41,41.35
2026-01-21,2886,2886,24333630,40,40.15,39.8,39.8
2026-01-21,2887,2887,157264106,22.7,22.8,22.05,22.1
2026-01-21,2891,2891,24895385,51,51.2,50.5,50.6
2026-01-22,0050,0050,101703005,71.9,72.05,71.6,71.8
2026-01-22,0051,0051,88848,103.15,103.7,102.85,103
2026-01-22,0052,0052,36697730,42.51,42.7,42.37,42.42
2026-01-22,0053,0053,17972,158,159.15,157.6,158.25
2026-01-22,0056,0056,96664596,37.91,37.94,37.74,37.76
2026-01-22,1301,1301,36162422,42.3,43.7,42.25,43.6
2026-01-22,1303,1303,186857331,76.8,79.8,74.7,77.8
2026-01-22,1326,1326,20742628,34.15,35.4,34.15,35
2026-01-22,2308,2308,20586581,1200,1245,1195,1245
2026-01-22,2317,2317,47823356,223.5,226,222,223.5
2026-01-22,2330,2330,34437982,1765,1770,1750,1760
2026-01-22,2412,2412,5944197,133,133.5,133,133
2026-01-22,2454,2454,8378753,1495,1525,1465,1485
2026-01-22,2881,2881,18954588,93.7,94.2,92.8,93
2026-01-22,2882,2882,23193408,76,77.2,75.3,75.6
2026-01-22,2884,2884,40100688,33.55,33.6,33.3,33.5
2026-01-22,2885,2885,13948127,41.55,41.75,41.5,41.6
2026-01-22,2886,2886,21880004,40,40.15,39.75,39.75
2026-01-22,2887,2887,80039425,22.4,22.5,22.05,22.1
2026-01-22,2891,2891,25030530,50.6,51.2,50.5,50.8
2026-01-23,0050,0050,70983017,72.1,72.3,71.8,72.25
2026-01-23,0051,0051,91570,104.35,104.35,102.85,103.6
2026-01-23,0052,0052,27163442,42.67,42.88,42.42,42.81
2026-01-23,0053,0053,23790,158.6,160.15,158.6,159.95
2026-01-23,0056,0056,86023752,37.98,38.08,37.65,37.73
2026-01-23,1301,1301,46245828,43.8,45,43.5,44.4
2026-01-23,1303,1303,123752600,78.4,78.4,75,77.1
2026-01-23,1326,1326,21106329,35.4,36.45,35.1,35.45
2026-01-23,2308,2308,18187774,1280,1285,1245,1260
2026-01-23,2317,2317,34322647,225.5,226.5,221.5,221.5
2026-01-23,2330,2330,29676301,1770,1775,1750,1770
2026-01-23,2412,2412,4912354,133.5,134,133.5,134
2026-01-23,2454,2454,24256744,1525,1630,1525,1630
2026-01-23,2881,2881,13752664,93.7,93.7,92.6,93.5
2026-01-23,2882,2882,24226697,75.9,76.7,75.6,76.6
2026-01-23,2884,2884,34131139,33.65,33.65,33,33.25
2026-01-23,2885,2885,22747961,42,42,41.3,41.55
2026-01-23,2886,2886,19265480,39.8,39.9,39.55,39.7
2026-01-23,2887,2887,42076465,22.3,22.4,22.1,22.15
2026-01-23,2891,2891,22426783,50.8,51,50,50.5
2026-01-26,0050,0050,87992466,72.25,72.65,72.2,72.25
2026-01-26,0051,0051,101035,103.6,104.65,103.6,104.45
2026-01-26,0052,0052,45458233,42.9,43.12,42.82,42.85
2026-01-26,0053,0053,62358,160,161.15,159.7,159.7
2026-01-26,0056,0056,90529500,37.88,38.23,37.85,38.23
2026-01-26,1301,1301,89416465,44.9,48.8,44.85,48.8
2026-01-26,1303,1303,182958251,78.9,82.4,77.3,81.7
2026-01-26,1326,1326,44673058,35.9,38.95,35.9,38.95
2026-01-26,2308,2308,13054383,1220,1240,1205,1230
2026-01-26,2317,2317,39852299,222.5,225,220,224
2026-01-26,2330,2330,25989274,1765,1785,1755,1755
2026-01-26,2412,2412,5242192,134,134,133.5,134
2026-01-26,2454,2454,24725299,1740,1790,1720,1770
2026-01-26,2881,2881,14196688,93.5,93.9,93.1,93.2
2026-01-26,2882,2882,20195497,76.6,77.6,76.4,77.1
2026-01-26,2884,2884,30229933,33.3,33.65,33,33.65
2026-01-26,2885,2885,19879395,41.7,42.45,41.2,42.4
2026-01-26,2886,2886,23947019,39.75,39.75,39.45,39.55
2026-01-26,2887,2887,80180865,22.2,23,22.1,22.9
2026-01-26,2891,2891,26762656,50.5,51,50.1,51
2026-01-27,0050,0050,73059634,72.4,73.15,72.35,73.05
2026-01-27,0051,0051,72237,104.65,106.1,104.65,105.65
2026-01-27,0052,0052,33800034,42.93,43.53,42.89,43.42
2026-01-27,0053,0053,21431,160.45,161.6,160.45,161.25
2026-01-27,0056,0056,90897477,38.38,38.66,38.38,38.51
2026-01-27,1301,1301,191580149,51.2,52.1,48.85,51
2026-01-27,1303,1303,108735006,82,82.7,78.6,79.6
2026-01-27,1326,1326,116619869,40.95,41.95,39,40.55
2026-01-27,2308,2308,9071726,1230,1260,1220,1250
2026-01-27,2317,2317,37140264,226,227,224,225.5
2026-01-27,2330,2330,32183611,1760,1785,1755,1780
2026-01-27,2412,2412,12944781,134,134.5,133,133
2026-01-27,2454,2454,12659900,1755,1820,1750,1775
2026-01-27,2881,2881,22317365,93.5,94.3,92.4,92.4
2026-01-27,2882,2882,30169476,77,77.2,75.4,75.9
2026-01-27,2884,2884,27307286,33.75,33.8,33.6,33.6
2026-01-27,2885,2885,21668101,42.45,42.6,42.15,42.3
2026-01-27,2886,2886,24583646,39.75,39.9,39.45,39.45
2026-01-27,2887,2887,85893212,22.9,23.35,22.9,23.2
2026-01-27,2891,2891,42638993,50.9,51.4,50.8,50.8
2026-01-28,0050,0050,90901846,73.55,74.2,73.5,74.2
2026-01-28,0051,0051,114440,105.9,107.5,105.9,107.5
2026-01-28,0052,0052,38434828,43.82,44.24,43.79,44.23
2026-01-28,0053,0053,24344,161.3,164,161.3,164
2026-01-28,0056,0056,56201100,38.7,38.79,38.52,38.62
2026-01-28,1301,1301,95054642,51.3,52.8,50.5,51.3
2026-01-28,1303,1303,132427952,80.1,83.5,79.6,80.5
2026-01-28,1326,1326,97128134,40.8,44.6,40.45,44.1
2026-01-28,2308,2308,11623072,1250,1280,1235,1280
2026-01-28,2317,2317,80017265,227,231.5,224,225.5
2026-01-28,2330,2330,31327933,1790,1820,1790,1820
2026-01-28,2412,2412,9198979,133.5,134,133,133.5
2026-01-28,2454,2454,10480567,1755,1800,1740,1780
2026-01-28,2881,2881,17945361,92.9,93.1,91.8,92.5
2026-01-28,2882,2882,16771284,76.1,76.3,75.2,75.8
2026-01-28,2884,2884,30536651,33.6,33.7,33.25,33.5
2026-01-28,2885,2885,20862595,42.3,42.7,42,42.6
2026-01-28,2886,2886,20947112,39.6,39.75,39.2,39.4
2026-01-28,2887,2887,60984121,23.35,23.4,22.7,22.85
2026-01-28,2891,2891,27241720,50.9,51.2,50.5,51.2
2026-01-29,0050,0050,119914950,74.4,74.5,73.5,73.75
2026-01-29,0051,0051,205334,109.5,109.5,105.6,106.55
2026-01-29,0052,0052,69705306,44.45,44.49,43.81,43.96
2026-01-29,0053,0053,46877,165.7,165.7,162.55,163.5
2026-01-29,0056,0056,57632538,38.57,38.57,38.17,38.26
2026-01-29,1301,1301,65858594,51.7,52.4,49.1,49.3
2026-01-29,1303,1303,84455739,81.5,82.3,76.5,77.1
2026-01-29,1326,1326,86404221,45,46.5,42.5,44
2026-01-29,2308,2308,13505064,1310,1315,1240,1255
2026-01-29,2317,2317,56613117,226.5,227.5,222,224
2026-01-29,2330,2330,36079326,1830,1835,1800,1805
2026-01-29,2412,2412,10812122,133.5,134.5,133.5,133.5
2026-01-29,2454,2454,10329367,1780,1815,1770,1780
2026-01-29,2881,2881,15538698,92.1,93.3,91.8,92.3
2026-01-29,2882,2882,18217427,75.4,76.5,75.2,76.4
2026-01-29,2884,2884,36513440,33.5,33.75,33.3,33.7
2026-01-29,2885,2885,30437572,42.75,43.35,42.35,42.95
2026-01-29,2886,2886,23288043,39.2,39.5,39.15,39.35
2026-01-29,2887,2887,53190729,22.85,23.1,22.6,22.85
2026-01-29,2891,2891,40859598,51.2,52.4,51.1,52
2026-01-30,0050,0050,175275799,73.15,73.2,72.3,72.6
2026-01-30,0051,0051,89671,106.55,106.75,105.25,106.7
2026-01-30,0052,0052,76077198,43.5,43.54,43.1,43.28
2026-01-30,0053,0053,23978,160.75,161.55,159.8,161.55
2026-01-30,0056,0056,86589896,37.98,37.98,37.5,37.58
2026-01-30,1301,1301,48871528,49.6,50.1,47.15,47.3
2026-01-30,1303,1303,61243981,76.7,77.7,74.3,75.9
2026-01-30,1326,1326,72858983,44.25,45.8,42.15,42.35
2026-01-30,2308,2308,10993513,1250,1255,1215,1220
2026-01-30,2317,2317,72547288,223.5,223.5,218.5,220.5
2026-01-30,2330,2330,46341867,1790,1800,1775,1775
2026-01-30,2412,2412,14876701,133.5,134.5,133,133.5
2026-01-30,2454,2454,11234997,1770,1775,1735,1760
2026-01-30,2881,2881,25423566,92.2,92.5,90.9,90.9
2026-01-30,2882,2882,21688706,76.1,76.4,75.1,75.4
2026-01-30,2884,2884,37969721,33.65,33.65,33.1,33.4
2026-01-30,2885,2885,37263885,42.95,43.15,42.65,43.05
2026-01-30,2886,2886,49184394,39.4,39.4,38.6,38.8
2026-01-30,2887,2887,60661164,22.95,23.05,22.55,22.7
2026-01-30,2891,2891,40572408,52,52.1,50.8,50.9
2026-02-02,0050,0050,234325396,71.55,71.75,70.9,71.5
2026-02-02,0051,0051,216205,105.5,105.5,103.25,104.4
2026-02-02,0052,0052,79577496,42.7,42.73,42.21,42.52
2026-02-02,0053,0053,34132,158.25,158.65,156.65,158.25
2026-02-02,0056,0056,87721121,37.28,37.33,37,37.15
2026-02-02,1301,1301,47493988,46.55,46.9,43.7,44.3
2026-02-02,1303,1303,68943284,74.6,75.4,70,70.6
2026-02-02,1326,1326,39014062,41.55,41.75,38.5,38.95
2026-02-02,2308,2308,13451195,1185,1200,1160,1175
2026-02-02,2317,2317,65660345,219.5,220,213.5,214.5
2026-02-02,2330,2330,33342359,1750,1765,1745,1765
2026-02-02,2412,2412,9498933,134,134,133,133
2026-02-02,2454,2454,10073770,1715,1740,1685,1705
2026-02-02,2881,2881,22413812,91.5,91.6,89.8,90.5
2026-02-02,2882,2882,29130482,75.7,75.7,73.1,74.3
2026-02-02,2884,2884,29636057,33.45,33.45,32.7,33.3
2026-02-02,2885,2885,22138010,43.05,43.1,41.95,42.2
2026-02-02,2886,2886,19821701,39.05,39.05,38.4,38.8
2026-02-02,2887,2887,64272011,22.65,22.7,22.2,22.35
2026-02-02,2891,2891,26281839,51,51.2,50.3,50.9
2026-02-03,0050,0050,73734001,73,73.05,72.4,72.95
2026-02-03,0051,0051,98435,105.1,107,104.85,105.5
2026-02-03,0052,0052,34925085,43.47,43.55,43.06,43.37
2026-02-03,0053,0053,38874,161.8,161.8,159.4,161.05
2026-02-03,0056,0056,36702671,37.57,37.74,37.4,37.63
2026-02-03,1301,1301,27804793,45,45.85,44.7,44.95
2026-02-03,1303,1303,62846722,72.9,75.4,72.7,73
2026-02-03,1326,1326,24363597,40,41.4,39.25,39.4
2026-02-03,2308,2308,11407245,1205,1220,1175,1215
2026-02-03,2317,2317,42920416,218.5,220,214.5,216.5
2026-02-03,2330,2330,30386718,1810,1810,1785,1800
2026-02-03,2412,2412,8630642,133.5,134,133,133.5
2026-02-03,2454,2454,11841933,1740,1805,1720,1795
2026-02-03,2881,2881,13798868,91.6,92.6,91.3,91.8
2026-02-03,2882,2882,14083421,74.9,75.5,74.7,74.7
2026-02-03,2884,2884,27942584,33.35,33.6,33.3,33.4
2026-02-03,2885,2885,19144869,42.55,43.1,41.9,42
2026-02-03,2886,2886,11350986,38.8,39.15,38.8,38.9
2026-02-03,2887,2887,46682509,22.65,23.1,22.65,22.75
2026-02-03,2891,2891,19104558,50.9,51.8,50.8,51.1
2026-02-04,0050,0050,59733704,72.4,73.15,72.3,72.9
2026-02-04,0051,0051,130318,105.65,107.8,105.65,107.4
2026-02-04,0052,0052,22981102,43.07,43.61,43.03,43.43
2026-02-04,0053,0053,18420,160.8,161.95,160.8,161.4
2026-02-04,0056,0056,29305483,37.58,37.85,37.41,37.84
2026-02-04,1301,1301,27533367,44.95,47.45,44.85,46.85
2026-02-04,1303,1303,76143132,73.1,78.8,71.7,77.6
2026-02-04,1326,1326,30429100,39.5,42,39.1,40.55
2026-02-04,2308,2308,7342941,1220,1220,1195,1210
2026-02-04,2317,2317,27678218,214.5,219,214,219
2026-02-04,2330,2330,29087857,1785,1805,1775,1785
2026-02-04,2412,2412,9442628,133.5,134,133,133
2026-02-04,2454,2454,11777248,1760,1810,1740,1800
2026-02-04,2881,2881,17826890,91.7,93.5,91.7,92.7
2026-02-04,2882,2882,18010331,75,76.5,75,76.2
2026-02-04,2884,2884,27484215,33.4,33.9,33.4,33.7
2026-02-04,2885,2885,15063686,42.1,42.8,42.1,42.4
2026-02-04,2886,2886,11830851,39.1,39.65,39.05,39.15
2026-02-04,2887,2887,57657708,22.8,23.45,22.75,23.05
2026-02-04,2891,2891,24961009,51.2,52.2,50.9,51.2
2026-02-05,0050,0050,107575796,72.05,72.25,71.75,72
2026-02-05,0051,0051,94660,107.35,107.35,105,105.3
2026-02-05,0052,0052,41423872,42.88,43.02,42.76,42.86
2026-02-05,0053,0053,17069,159.85,160.05,158.25,158.8
2026-02-05,0056,0056,37738253,37.59,37.79,37.5,37.55
2026-02-05,1301,1301,26193865,47.2,47.95,46.8,47.2
2026-02-05,1303,1303,56830149,76.5,78.3,74.1,74.5
2026-02-05,1326,1326,22982472,40.6,41.5,39.8,40.25
2026-02-05,2308,2308,15861433,1175,1180,1130,1150
2026-02-05,2317,2317,43304385,217.5,220,215,215.5
2026-02-05,2330,2330,28974303,1765,1780,1760,1765
2026-02-05,2412,2412,14671057,133,133.5,132.5,132.5
2026-02-05,2454,2454,16289216,1750,1800,1740,1770
2026-02-05,2881,2881,14597965,92.8,93.7,92.1,93.5
2026-02-05,2882,2882,11283022,75.8,76.2,75.4,76
2026-02-05,2884,2884,33443496,33.7,34,33.6,33.95
2026-02-05,2885,2885,12966312,42.2,43.05,42.15,42.75
2026-02-05,2886,2886,19290857,39.3,39.8,39.3,39.7
2026-02-05,2887,2887,46608579,23.15,23.3,23.05,23.1
2026-02-05,2891,2891,26929603,51.1,51.9,50.9,51.7
2026-02-06,0050,0050,110883112,71.4,72.25,70.8,71.9
2026-02-06,0051,0051,129741,104.05,104.05,101.15,102.95
2026-02-06,0052,0052,35439284,42.36,42.99,42.09,42.71
2026-02-06,0053,0053,14933,157.6,158.7,156,158.7
2026-02-06,0056,0056,40426197,37.44,37.6,37.09,37.52
2026-02-06,1301,1301,37569047,46.95,47.55,45.3,45.75
2026-02-06,1303,1303,141245406,73.9,77.3,71.8,73.5
2026-02-06,1326,1326,39424627,40.65,40.7,38.8,39.05
2026-02-06,2308,2308,10693038,1135,1170,1115,1160
2026-02-06,2317,2317,56581372,215,216.5,210.5,215
2026-02-06,2330,2330,36484181,1745,1780,1740,1780
2026-02-06,2412,2412,14291200,132.5,133,132,133
2026-02-06,2454,2454,11897828,1745,1755,1690,1710
2026-02-06,2881,2881,13345737,92.7,92.9,91.4,92.4
2026-02-06,2882,2882,18054274,75.9,76,74.3,75.7
2026-02-06,2884,2884,22294205,33.7,34,33.45,34
2026-02-06,2885,2885,14791253,42.5,42.9,42.05,42.65
2026-02-06,2886,2886,14700507,39.4,39.8,39.35,39.8
2026-02-06,2887,2887,59371673,23.05,23.35,22.8,23.35
2026-02-06,2891,2891,22962734,51.3,51.8,51,51.6
2026-02-09,0050,0050,122340661,74.05,74.15,73.75,73.95
2026-02-09,0051,0051,97614,104.7,105.5,104.25,104.5
2026-02-09,0052,0052,50130204,44.02,44.1,43.83,43.88
2026-02-09,0053,0053,30185,162.7,163.55,162.45,162.7
2026-02-09,0056,0056,67477566,38.16,38.2,37.94,38.03
2026-02-09,1301,1301,27638769,46.2,47.4,45.65,46.65
2026-02-09,1303,1303,107011207,76.9,80.3,75.8,78
2026-02-09,1326,1326,44433647,40.1,42.95,39.65,42.95
2026-02-09,2308,2308,9124038,1200,1210,1180,1180
2026-02-09,2317,2317,31063914,219,220.5,217.5,218.5
2026-02-09,2330,2330,40350444,1830,1835,1815,1815
2026-02-09,2412,2412,13612468,133,133.5,132,132
2026-02-09,2454,2454,12809280,1760,1870,1760,1830
2026-02-09,2881,2881,14048109,93,94.2,92.9,93.8
2026-02-09,2882,2882,25357461,76.2,77.8,76.1,77.2
2026-02-09,2884,2884,29883580,34.1,34.2,33.7,33.7
2026-02-09,2885,2885,28963103,43,44.45,42.95,43.9
2026-02-09,2886,2886,15368518,39.95,40,39.65,39.8
2026-02-09,2887,2887,98988994,23.5,24,23.4,23.8
2026-02-09,2891,2891,23955974,51.9,52.4,51.7,52
2026-02-10,0050,0050,102315945,74.65,75.5,74.6,75.5
2026-02-10,0051,0051,72192,105.1,105.95,105,105.4
2026-02-10,0052,0052,50109315,44.35,44.96,44.35,44.95
2026-02-10,0053,0053,32452,165.6,166.45,165.2,166.1
2026-02-10,0056,0056,74968495,38.36,38.42,38.28,38.34
2026-02-10,1301,1301,22830688,46.9,46.95,45,45.4
2026-02-10,1303,1303,102997493,78.8,78.8,72.2,72.8
2026-02-10,1326,1326,66071599,44.15,44.15,39.75,40.75
2026-02-10,2308,2308,8355167,1205,1210,1170,1185
2026-02-10,2317,2317,47159412,220,222,218,221
2026-02-10,2330,2330,45674475,1845,1880,1840,1880
2026-02-10,2412,2412,10118128,132,133,132,132.5
2026-02-10,2454,2454,11214078,1860,1865,1820,1845
2026-02-10,2881,2881,15681415,94.2,95,93.5,94.5
2026-02-10,2882,2882,17881164,77.5,78.2,77,77.9
2026-02-10,2884,2884,22285981,33.7,33.9,33.7,33.8
2026-02-10,2885,2885,25042402,43.8,44.7,43.8,44.35
2026-02-10,2886,2886,19517581,39.8,39.95,39.65,39.8
2026-02-10,2887,2887,62681865,23.9,24,23.7,23.95
2026-02-10,2891,2891,29260246,52,52.3,51.7,51.7
2026-02-11,0050,0050,120639150,75.9,77.45,75.9,77.2
2026-02-11,0051,0051,120540,105.6,106.3,105.55,106.25
2026-02-11,0052,0052,70948219,45.2,46.19,45.2,46.07
2026-02-11,0053,0053,31004,168.15,169.95,167.7,169.05
2026-02-11,0056,0056,121611406,38.39,38.77,38.39,38.7
2026-02-11,1301,1301,22737416,45.55,46.9,45.4,46.5
2026-02-11,1303,1303,132612576,73.9,79.9,73.5,78.8
2026-02-11,1326,1326,52516808,40.7,43.2,40.5,42.25
2026-02-11,2308,2308,15443021,1200,1265,1190,1260
2026-02-11,2317,2317,67662179,222.5,227,220.5,227
2026-02-11,2330,2330,44684131,1880,1925,1875,1915
2026-02-11,2412,2412,12766659,133.5,133.5,132.5,133
2026-02-11,2454,2454,8732306,1795,1865,1795,1855
2026-02-11,2881,2881,17238526,95,95.7,94.7,95.2
2026-02-11,2882,2882,29467284,78.4,79.1,77.7,78.8
2026-02-11,2884,2884,34829327,34,34.15,33.9,34.15
2026-02-11,2885,2885,23360310,44.7,45.2,44.45,44.75
2026-02-11,2886,2886,25188751,40,40.1,39.85,40.05
2026-02-11,2887,2887,81495340,24,24.2,23.9,24
2026-02-11,2891,2891,35413891,51.9,52.4,51.6,52.2
2026-02-23,0050,0050,227936939,78.45,78.45,77.2,77.4
2026-02-23,0051,0051,193555,106.95,109.25,106.95,108.3
2026-02-23,0052,0052,94785776,46.71,46.71,45.8,45.8
2026-02-23,0053,0053,29245,171,172.5,170.5,170.5
2026-02-23,0056,0056,101966291,38.97,39.51,38.97,39.13
2026-02-23,1301,1301,25903622,47.1,47.4,46.4,47.05
2026-02-23,1303,1303,158358973,82.5,85.2,80.1,83.6
2026-02-23,1326,1326,39240781,43.35,44,42.4,43.25
2026-02-23,2308,2308,22078521,1320,1380,1295,1305
2026-02-23,2317,2317,89438337,229.5,231,227,228.5
2026-02-23,2330,2330,80768993,1900,1935,1900,1900
2026-02-23,2412,2412,20818265,134,135,133.5,135
2026-02-23,2454,2454,17358721,1880,1880,1790,1795
2026-02-23,2881,2881,37628732,96.5,96.5,95.2,95.7
2026-02-23,2882,2882,45951668,81.4,81.6,79.3,79.6
2026-02-23,2884,2884,73342176,34.7,34.9,34.45,34.85
2026-02-23,2885,2885,49111260,46.95,47.95,46.05,46.55
2026-02-23,2886,2886,38043672,40.65,40.95,40.2,40.95
2026-02-23,2887,2887,182389374,24.7,25.45,24.7,25.3
2026-02-23,2891,2891,77095130,53.8,54.9,53,53.9
2026-02-24,0050,0050,150367766,77.95,79.65,77.85,79.4
2026-02-24,0051,0051,84626,108.6,110.7,108.6,110.5
2026-02-24,0052,0052,53868898,46.16,47.44,46.13,47.28
2026-02-24,0053,0053,36518,170.55,176,170.55,175.35
2026-02-24,0056,0056,89853506,39.27,39.76,39.23,39.72
2026-02-24,1301,1301,34160318,47.65,48.95,46.9,48.6
2026-02-24,1303,1303,166077385,85.7,91.4,84.7,90.8
2026-02-24,1326,1326,47662091,43.25,45.3,42.8,44.75
2026-02-24,2308,2308,14083155,1355,1385,1335,1385
2026-02-24,2317,2317,68380419,229.5,232.5,228,232
2026-02-24,2330,2330,44316733,1915,1975,1915,1965
2026-02-24,2412,2412,13698888,134.5,135.5,134.5,135.5
2026-02-24,2454,2454,7063638,1810,1825,1795,1825
2026-02-24,2881,2881,22590358,95.8,96.2,94.1,94.1
2026-02-24,2882,2882,25575014,79.2,80.4,78.2,78.2
2026-02-24,2884,2884,32997584,34.9,34.9,34.25,34.7
2026-02-24,2885,2885,30185986,46.55,47.8,46.45,47.45
2026-02-24,2886,2886,22432478,40.95,40.95,40.55,40.8
2026-02-24,2887,2887,94610080,25.5,25.5,24.75,25.3
2026-02-24,2891,2891,36735788,54.1,54.2,53.2,53.8
2026-02-25,0050,0050,167423484,80.35,81.8,80.25,81.1
2026-02-25,0051,0051,122249,111.05,112.2,111,112.1
2026-02-25,0052,0052,83893897,48.85,48.85,47.9,48.38
2026-02-25,0053,0053,24167,176.45,180,176.45,179.4
2026-02-25,0056,0056,86681622,39.81,40.3,39.81,40.05
2026-02-25,1301,1301,106167338,49.25,53.4,49,53.4
2026-02-25,1303,1303,164199594,92.2,95.4,89,94.9
2026-02-25,1326,1326,85759716,45.7,49.2,45.4,49.2
2026-02-25,2308,2308,14709013,1425,1480,1380,1435
2026-02-25,2317,2317,168289021,235,247,234.5,246.5
2026-02-25,2330,2330,47398835,1995,2025,1995,2015
2026-02-25,2412,2412,11403066,135,136,135,136
2026-02-25,2454,2454,8467982,1840,1870,1830,1870
2026-02-25,2881,2881,28789700,94,94,92.8,92.9
2026-02-25,2882,2882,33918115,78.2,78.3,76.9,76.9
2026-02-25,2884,2884,39072681,34.6,35,34.2,34.95
2026-02-25,2885,2885,32767025,47.15,47.9,46.7,47.25
2026-02-25,2886,2886,20413061,40.8,40.85,40.35,40.55
2026-02-25,2887,2887,75891067,25.3,25.4,24.9,24.9
2026-02-25,2891,2891,47480780,53.7,54.7,53.2,53.5
2026-02-26,0050,0050,133517321,81.25,81.5,80.8,81.15
2026-02-26,0051,0051,93613,112.05,113.85,111.25,113.75
2026-02-26,0052,0052,62412762,48.5,48.58,48.1,48.42
2026-02-26,0053,0053,23896,180.05,180.5,178,179.4
2026-02-26,0056,0056,58492851,40.05,40.36,39.95,40.29
2026-02-26,1301,1301,68859027,53,53.2,50.9,51.6
2026-02-26,1303,1303,133968653,95.5,96.5,90.1,91.8
2026-02-26,1326,1326,134891641,49.2,52,48.5,51
2026-02-26,2308,2308,17965290,1450,1455,1415,1430
2026-02-26,2317,2317,122692650,253.5,253.5,241.5,243
2026-02-26,2330,2330,74411249,2000,2010,1995,1995
2026-02-26,2412,2412,28350784,136,136,134,134
2026-02-26,2454,2454,14552360,1895,1975,1850,1945
2026-02-26,2881,2881,34978747,92.9,95.1,92.9,94.2
2026-02-26,2882,2882,67348907,77,80.2,77,79.7
2026-02-26,2884,2884,101501150,34.8,35.5,34.75,35.1
2026-02-26,2885,2885,56965743,47.2,49.7,47.2,49.15
2026-02-26,2886,2886,30792529,40.5,40.85,40.35,40.55
2026-02-26,2887,2887,183395654,24.9,26,24.85,25.6
2026-02-26,2891,2891,105177672,53.9,56.4,53.9,55.9
2026-03-02,0050,0050,224651381,79.5,80.8,79.15,80.35
2026-03-02,0051,0051,142284,111.75,113.8,110.75,112.95
2026-03-02,0052,0052,82159364,47.2,48.25,47.18,47.9
2026-03-02,0053,0053,21329,177,179.4,177,178.3
2026-03-02,0056,0056,74035480,39.53,40.01,39.53,39.9
2026-03-02,1301,1301,87866805,53.7,54.5,50.6,50.7
2026-03-02,1303,1303,66187720,88.3,91.8,88.3,89.5
2026-03-02,1326,1326,101925500,52,52.9,48.15,48.2
2026-03-02,2308,2308,15569999,1355,1445,1355,1425
2026-03-02,2317,2317,75106481,234,241,232.5,239
2026-03-02,2330,2330,57404594,1940,1995,1940,1975
2026-03-02,2412,2412,29855024,135,138,134.5,138
2026-03-02,2454,2454,9622026,1945,1945,1880,1900
2026-03-02,2881,2881,22795452,94.2,94.2,92.8,93
2026-03-02,2882,2882,25210962,79.4,79.4,77.3,77.9
2026-03-02,2884,2884,37861839,34.5,35.1,34.5,34.9
2026-03-02,2885,2885,33177249,48,48.6,47.1,47.25
2026-03-02,2886,2886,20905088,40.8,40.95,40,40.2
2026-03-02,2887,2887,116684381,25.05,25.35,24.65,24.85
2026-03-02,2891,2891,71939285,55.2,55.2,53.5,53.8
2026-03-03,0050,0050,324317518,80.05,80.4,78.65,78.75
2026-03-03,0051,0051,195663,113.3,113.8,109.45,109.5
2026-03-03,0052,0052,109897444,47.73,47.99,46.8,46.81
2026-03-03,0053,0053,52839,178.55,178.55,173.95,173.95
2026-03-03,0056,0056,92021356,39.84,39.99,39.13,39.13
2026-03-03,1301,1301,37573111,51,52.5,49.3,49.95
2026-03-03,1303,1303,143498236,89.5,94.7,83.8,85
2026-03-03,1326,1326,58455658,48,49.9,46.05,46.9
2026-03-03,2308,2308,17852498,1410,1435,1340,1340
2026-03-03,2317,2317,87819659,239,240,228,229
2026-03-03,2330,2330,54577298,1970,1980,1935,1935
2026-03-03,2412,2412,16705526,137.5,138,137,138
2026-03-03,2454,2454,11048054,1900,1910,1815,1815
2026-03-03,2881,2881,12947138,92.7,93.5,92.6,93.1
2026-03-03,2882,2882,22251040,77.3,78.3,77.1,77.6
2026-03-03,2884,2884,35571248,34.6,35.1,34.6,34.9
2026-03-03,2885,2885,17361246,47.25,47.8,46.95,47.25
2026-03-03,2886,2886,19764286,40,40.5,40,40.4
2026-03-03,2887,2887,73823412,25,25.4,24.8,25.3
2026-03-03,2891,2891,43239710,53,53.9,53,53.5
2026-03-04,0050,0050,505217770,77.4,77.45,75.5,75.6
2026-03-04,0051,0051,222759,107.05,107.05,103,103.7
2026-03-04,0052,0052,162782228,45.68,45.8,44.74,44.74
2026-03-04,0053,0053,36267,166.6,168.65,164.95,164.95
2026-03-04,0056,0056,172988248,38.5,38.55,37.7,37.74
2026-03-04,1301,1301,39385153,49.25,49.95,46.7,46.95
2026-03-04,1303,1303,83532323,83,84,78.4,79.3
2026-03-04,1326,1326,49028880,46,46.45,43.4,43.55
2026-03-04,2308,2308,19185365,1295,1320,1250,1255
2026-03-04,2317,2317,122301965,224.5,225,216.5,217
2026-03-04,2330,2330,84647010,1895,1910,1865,1865
2026-03-04,2412,2412,24052951,137,137.5,135,135.5
2026-03-04,2454,2454,12334830,1760,1780,1715,1720
2026-03-04,2881,2881,37495788,92.2,92.3,89.8,89.8
2026-03-04,2882,2882,57644880,76.5,76.6,72.8,73.2
2026-03-04,2884,2884,49799760,34.45,34.55,33.35,33.65
2026-03-04,2885,2885,32152164,46.45,46.9,44.8,45
2026-03-04,2886,2886,32826311,39.8,40.15,38.8,38.9
2026-03-04,2887,2887,211183540,25,25,23.9,24.15
2026-03-04,2891,2891,81891264,52.5,52.6,50.5,50.5
2026-03-05,0050,0050,207004644,78.3,78.85,76.7,77.4
2026-03-05,0051,0051,91281,106.2,107.8,105.25,106.25
2026-03-05,0052,0052,90527862,46.28,46.9,45.66,45.85
2026-03-05,0053,0053,34685,168.5,173.55,168.5,170.35
2026-03-05,0056,0056,54632081,38.5,38.75,38.12,38.5
2026-03-05,1301,1301,30914896,48.4,48.4,46.3,47.4
2026-03-05,1303,1303,107157943,84.2,85.1,80.3,82.4
2026-03-05,1326,1326,35445956,45.2,45.45,43,43.9
2026-03-05,2308,2308,13686208,1335,1365,1310,1335
2026-03-05,2317,2317,55660316,224.5,228,222,224
2026-03-05,2330,2330,56489914,1940,1960,1895,1900
2026-03-05,2412,2412,13682066,136.5,137,135,137
2026-03-05,2454,2454,8337045,1760,1800,1750,1775
2026-03-05,2881,2881,19487570,90.8,91.3,89.8,90.5
2026-03-05,2882,2882,32449965,74.3,74.7,72.7,73.6
2026-03-05,2884,2884,30239365,33.75,34.05,33.75,34.05
2026-03-05,2885,2885,19585700,45.75,46.25,45.1,45.35
2026-03-05,2886,2886,17718596,39.2,39.6,39,39.3
2026-03-05,2887,2887,97135070,24.7,24.85,24.1,24.55
2026-03-05,2891,2891,33861742,51.5,52,50.9,51.5
2026-03-06,0050,0050,151611764,76.8,77.3,76.3,76.85
2026-03-06,0051,0051,133081,106,108.2,105.4,106.6
2026-03-06,0052,0052,44815274,45.4,45.92,45.35,45.6
2026-03-06,0053,0053,17133,168.65,171,168.65,169.6
2026-03-06,0056,0056,36627259,38.3,38.74,38.1,38.63
2026-03-06,1301,1301,38820011,46.75,50.3,46.75,50.2
2026-03-06,1303,1303,82759323,81.5,86.2,81.4,82.3
2026-03-06,1326,1326,46537129,43.3,46,43.3,46
2026-03-06,2308,2308,11211730,1340,1345,1310,1320
2026-03-06,2317,2317,37319287,221,223.5,219,223
2026-03-06,2330,2330,34307388,1880,1900,1880,1890
2026-03-06,2412,2412,10736942,136.5,137,135.5,136.5
2026-03-06,2454,2454,4669229,1745,1790,1735,1765
2026-03-06,2881,2881,36379825,89.8,90,88.6,88.8
2026-03-06,2882,2882,21881884,73,73.5,72.6,73
2026-03-06,2884,2884,22070698,33.9,34,33.65,34
2026-03-06,2885,2885,13989721,44.55,46.2,44.55,45.9
2026-03-06,2886,2886,13971381,39.2,39.5,38.95,39.3
2026-03-06,2887,2887,47838412,24.4,24.5,24.25,24.4
2026-03-06,2891,2891,30432406,50.9,51.8,50.9,51.4
2026-03-09,0050,0050,542230074,73.15,73.6,71.65,73.6
2026-03-09,0051,0051,254116,101.65,102.15,100.35,101.8
2026-03-09,0052,0052,124545016,43.02,43.46,42.58,43.38
2026-03-09,0053,0053,85629,162.95,162.95,159,160.1
2026-03-09,0056,0056,151883264,37.28,37.58,36.5,37.58
2026-03-09,1301,1301,151865647,53.4,54.8,46.1,47.35
2026-03-09,1303,1303,65729580,75.8,77.9,74.1,74.1
2026-03-09,1326,1326,105197422,48.3,49.15,41.85,43.05
2026-03-09,2308,2308,23398789,1210,1230,1195,1220
2026-03-09,2317,2317,93407607,208,212.5,206,210.5
2026-03-09,2330,2330,94441296,1775,1810,1770,1810
2026-03-09,2412,2412,16719113,134.5,136.5,134.5,136
2026-03-09,2454,2454,12529102,1620,1665,1610,1665
2026-03-09,2881,2881,41839694,84,87.2,83.5,87.2
2026-03-09,2882,2882,42949239,68.3,70,67.3,70
2026-03-09,2884,2884,43449590,32.65,33.5,32.6,33.35
2026-03-09,2885,2885,31649432,43.4,44.45,43.2,44.15
2026-03-09,2886,2886,28174611,37.85,39.3,37.85,39.2
2026-03-09,2887,2887,125997246,22.9,23.95,22.9,23.95
2026-03-09,2891,2891,69794553,49.45,51,49.4,51
2026-03-10,0050,0050,173870150,75.9,76.25,74.3,75.2
2026-03-10,0051,0051,83105,104.35,105.5,103.3,104.8
2026-03-10,0052,0052,76531081,45.1,45.22,43.93,44.56
2026-03-10,0053,0053,36473,165.5,167.65,164.1,165.85
2026-03-10,0056,0056,48391366,38.48,38.49,37.64,37.88
2026-03-10,1301,1301,42865000,47.2,48.3,46.2,46.5
2026-03-10,1303,1303,74723944,76.8,79,75.6,77.7
2026-03-10,1326,1326,36177097,43.5,44.65,42.55,44.25
2026-03-10,2308,2308,12096363,1280,1325,1275,1290
2026-03-10,2317,2317,69438646,216,216.5,209.5,209.5
2026-03-10,2330,2330,46926862,1870,1890,1830,1850
2026-03-10,2412,2412,12620421,137,137,134.5,135
2026-03-10,2454,2454,5620606,1730,1730,1685,1705
2026-03-10,2881,2881,17912418,88.7,88.7,87.3,88.3
2026-03-10,2882,2882,18288701,71.6,72,70.5,71.1
2026-03-10,2884,2884,24077068,33.45,33.85,33.2,33.4
2026-03-10,2885,2885,19936045,45.35,45.35,43.65,43.85
2026-03-10,2886,2886,19059883,39.5,39.65,38.8,39.05
2026-03-10,2887,2887,65925382,24.45,24.5,24.05,24.3
2026-03-10,2891,2891,52553359,52,52,50.5,51.2
2026-03-11,0050,0050,151798656,76.3,78.5,76.1,78.2
2026-03-11,0051,0051,58598,106.95,108.5,106.95,108.5
2026-03-11,0052,0052,51607274,45.22,46.66,45.22,46.46
2026-03-11,0053,0053,43125,168.2,174,168.2,173.45
2026-03-11,0056,0056,44949403,38.25,38.71,38.25,38.64
2026-03-11,1301,1301,22657440,47,47.3,46,47.15
2026-03-11,1303,1303,107699736,79.5,83.3,78.6,82.4
2026-03-11,1326,1326,33549694,44.4,44.4,42.95,44
2026-03-11,2308,2308,15114745,1350,1415,1325,1400
2026-03-11,2317,2317,54702636,212.5,220,212.5,219
2026-03-11,2330,2330,39238328,1885,1950,1875,1940
2026-03-11,2412,2412,9955734,136,137,135,135.5
2026-03-11,2454,2454,6109945,1760,1780,1720,1765
2026-03-11,2881,2881,14723202,88,90.1,87.8,89.2
2026-03-11,2882,2882,10355287,71.2,72.8,71.2,71.8
2026-03-11,2884,2884,23392853,33.4,34,33.3,33.3
2026-03-11,2885,2885,14223156,43.85,44.7,43.85,44.35
2026-03-11,2886,2886,12315609,39.05,39.4,39,39.3
2026-03-11,2887,2887,44476794,24.3,24.75,24.2,24.35
2026-03-11,2891,2891,26471192,50.8,51.9,50.8,51.2
2026-03-12,0050,0050,131518817,77.1,77.6,76.35,76.6
2026-03-12,0051,0051,52048,108.5,109.65,108,108.7
2026-03-12,0052,0052,46457228,45.99,46.27,45.58,45.65
2026-03-12,0053,0053,15311,172.6,172.6,170,170.75
2026-03-12,0056,0056,27613823,38.55,38.75,38.33,38.53
2026-03-12,1301,1301,46224591,47.7,48,45.05,46.25
2026-03-12,1303,1303,96467625,81.1,81.1,76.4,77.5
2026-03-12,1326,1326,33215591,44,44.3,42.05,42.65
2026-03-12,2308,2308,7808202,1390,1410,1365,1370
2026-03-12,2317,2317,45309134,217,218.5,213,214.5
2026-03-12,2330,2330,40662382,1900,1915,1885,1885
2026-03-12,2412,2412,10749443,135,136.5,135,136
2026-03-12,2454,2454,6611202,1745,1815,1735,1785
2026-03-12,2881,2881,23074827,88,89.4,88,89.4
2026-03-12,2882,2882,20270491,72.6,73.1,71.9,72.5
2026-03-12,2884,2884,44385765,33,33.1,32.65,33.05
2026-03-12,2885,2885,19814557,43.9,44.45,43.6,44.25
2026-03-12,2886,2886,24020756,38.9,39.05,38.6,38.8
2026-03-12,2887,2887,72139992,24.3,24.65,24.05,24.65
2026-03-12,2891,2891,58542923,50.6,51.3,50.2,51.3
2026-03-13,0050,0050,115111624,75.15,76.55,75,75.95
2026-03-13,0051,0051,59820,108.2,109.1,107.2,108.6
2026-03-13,0052,0052,42396559,44.8,45.64,44.71,45.3
2026-03-13,0053,0053,25876,167.35,169.8,167.35,169.6
2026-03-13,0056,0056,31249170,38.19,38.65,38.19,38.5
2026-03-13,1301,1301,26565686,45.2,46.6,45.1,45.5
2026-03-13,1303,1303,135671073,76.3,85,75.9,83.5
2026-03-13,1326,1326,41517030,41.85,42.65,40.9,41.7
2026-03-13,2308,2308,7798371,1355,1405,1340,1385
2026-03-13,2317,2317,36890490,211.5,216,210,214.5
2026-03-13,2330,2330,36317450,1840,1885,1840,1865
2026-03-13,2412,2412,7695995,136,136.5,135.5,136
2026-03-13,2454,2454,7254798,1730,1745,1720,1720
2026-03-13,2881,2881,21699376,88.5,88.7,88,88.1
2026-03-13,2882,2882,19705392,71.6,72.4,71.3,71.7
2026-03-13,2884,2884,27550528,32.95,33.25,32.85,33.05
2026-03-13,2885,2885,23023809,43.5,43.9,43.2,43.3
2026-03-13,2886,2886,22517289,38.75,39.15,38.65,38.75
2026-03-13,2887,2887,77188746,24.55,24.85,24.3,24.75
2026-03-13,2891,2891,38854165,51,51.8,50.7,51.3
2026-03-16,0050,0050,105392137,76.3,76.7,75.45,75.6
2026-03-16,0051,0051,151898,109.2,110,108.25,109.75
2026-03-16,0052,0052,40639135,45.5,45.72,44.96,45.17
2026-03-16,0053,0053,18326,169.6,169.6,167.9,169.05
2026-03-16,0056,0056,37638989,38.65,38.91,38.58,38.81
2026-03-16,1301,1301,36741588,46.1,47.4,45.85,46.85
2026-03-16,1303,1303,176709593,88.2,91,86.2,89.2
2026-03-16,1326,1326,81769465,42.3,45.7,42.25,44.6
2026-03-16,2308,2308,6238589,1395,1395,1350,1360
2026-03-16,2317,2317,38534463,216,217.5,214,216.5
2026-03-16,2330,2330,35401289,1875,1880,1845,1845
2026-03-16,2412,2412,7297448,136.5,137.5,136,136.5
2026-03-16,2454,2454,4716006,1720,1740,1710,1710
2026-03-16,2881,2881,13732091,89.1,89.6,88.4,88.8
2026-03-16,2882,2882,30007435,72.2,72.9,71.5,72.4
2026-03-16,2884,2884,68045660,33.05,33.05,32.1,32.2
2026-03-16,2885,2885,23741140,44,45.05,43.9,44.6
2026-03-16,2886,2886,12795692,39,39.2,38.75,39
2026-03-16,2887,2887,56003228,25,25.2,24.8,24.8
2026-03-16,2891,2891,33041613,51.7,52.6,51.3,51.9
2026-03-17,0050,0050,63986997,76.45,77,76.3,76.65
2026-03-17,0051,0051,117155,110.8,112,110.7,111.45
2026-03-17,0052,0052,26041287,45.68,45.9,45.55,45.68
2026-03-17,0053,0053,10579,171.5,172.4,171.4,171.4
2026-03-17,0056,0056,32448064,38.9,39.18,38.9,39.13
2026-03-17,1301,1301,23562577,47.05,47.65,46.4,46.45
2026-03-17,1303,1303,104302099,89.9,89.9,85.5,85.5
2026-03-17,1326,1326,41420608,44.85,45.5,44.05,44.2
2026-03-17,2308,2308,13512996,1385,1470,1385,1440
2026-03-17,2317,2317,110777320,215.5,216.5,212,212
2026-03-17,2330,2330,26754183,1875,1880,1860,1870
2026-03-17,2412,2412,9033043,137,137.5,136,137
2026-03-17,2454,2454,4685106,1730,1740,1715,1730
2026-03-17,2881,2881,24990613,89.5,90.9,89.4,89.8
2026-03-17,2882,2882,18210948,72.5,73.4,72.4,73.2
2026-03-17,2884,2884,54957036,32.3,32.55,32,32.25
2026-03-17,2885,2885,26736764,44.85,45.1,44.5,44.65
2026-03-17,2886,2886,17188879,39.4,39.6,39.1,39.35
2026-03-17,2887,2887,63485754,24.85,25.1,24.65,25.05
2026-03-17,2891,2891,46711808,52.5,53.4,52.1,52.9
2026-03-18,0050,0050,78000193,77.75,78.05,77.45,77.8
2026-03-18,0051,0051,89150,113.65,113.9,112.7,113.75
2026-03-18,0052,0052,35483319,46.42,46.63,46.21,46.45
2026-03-18,0053,0053,65150,174,175.05,173.55,173.85
2026-03-18,0056,0056,32295100,39.42,39.58,39.35,39.42
2026-03-18,1301,1301,31246252,46.7,47.85,46.65,47.3
2026-03-18,1303,1303,62177154,86.8,88,85,86.2
2026-03-18,1326,1326,43678520,44.9,46.2,44.65,45.95
2026-03-18,2308,2308,11442896,1465,1490,1450,1465
2026-03-18,2317,2317,77136445,212.5,213.5,210,210
2026-03-18,2330,2330,25694925,1900,1910,1890,1905
2026-03-18,2412,2412,9172060,137.5,137.5,136.5,137.5
2026-03-18,2454,2454,6292375,1730,1745,1725,1730
2026-03-18,2881,2881,15143244,90.9,90.9,89.1,89.5
2026-03-18,2882,2882,15887509,74.2,74.3,72.8,73.4
2026-03-18,2884,2884,35788983,32.7,32.75,32,32.25
2026-03-18,2885,2885,16477152,44.7,45,44.65,44.65
2026-03-18,2886,2886,19423414,39.6,39.6,39.05,39.3
2026-03-18,2887,2887,64496043,25.05,25.1,24.6,24.6
2026-03-18,2891,2891,26215982,53.8,53.9,53,53.3
2026-03-19,0050,0050,141733755,76.6,76.8,75.95,76
2026-03-19,0051,0051,59722,112.95,114.05,112.6,113.3
2026-03-19,0052,0052,39774298,45.71,45.87,45.5,45.54
2026-03-19,0053,0053,13694,172.45,172.55,171.55,171.7
2026-03-19,0056,0056,48695423,39.07,39.2,38.86,38.88
2026-03-19,1301,1301,66981087,47.95,50.5,46.9,48.6
2026-03-19,1303,1303,52070001,85.1,87.2,83.5,84.2
2026-03-19,1326,1326,71286763,46.3,48.5,45.3,46.6
2026-03-19,2308,2308,8335494,1450,1480,1445,1455
2026-03-19,2317,2317,89096476,207.5,207.5,205,205
2026-03-19,2330,2330,38750629,1875,1880,1850,1850
2026-03-19,2412,2412,11884394,137,137,135,135.5
2026-03-19,2454,2454,8011625,1700,1705,1665,1680
2026-03-19,2881,2881,26004197,89,89.2,87.5,88.2
2026-03-19,2882,2882,26614469,73,73,71.2,71.6
2026-03-19,2884,2884,41506997,32.25,32.25,31.65,31.7
2026-03-19,2885,2885,22274656,44.6,44.65,43.85,44.25
2026-03-19,2886,2886,19892870,39.05,39.05,38.8,38.95
2026-03-19,2887,2887,60953326,24.65,24.65,24.3,24.45
2026-03-19,2891,2891,43183067,52.4,52.4,51.5,51.6
2026-03-20,0050,0050,72638922,76.2,76.4,75.5,75.9
2026-03-20,0051,0051,116481,112.8,113.2,110.9,111.9
2026-03-20,0052,0052,29899678,45.65,45.74,45.1,45.26
2026-03-20,0053,0053,31694,170.4,172.05,169.15,171.7
2026-03-20,0056,0056,37631551,38.88,38.98,38.56,38.77
2026-03-20,1301,1301,44047194,49,49.7,47.35,47.6
2026-03-20,1303,1303,79109988,84.2,84.7,78.1,78.4
2026-03-20,1326,1326,52035565,46.35,47.55,45.15,45.85
2026-03-20,2308,2308,15939579,1450,1530,1410,1475
2026-03-20,2317,2317,92925929,203.5,205,200.5,203
2026-03-20,2330,2330,53705722,1860,1870,1840,1840
2026-03-20,2412,2412,23873382,136,136.5,134,134
2026-03-20,2454,2454,8267553,1685,1715,1655,1700
2026-03-20,2881,2881,35481530,87.5,89.4,87.2,88.6
2026-03-20,2882,2882,25743394,71.3,72.7,71.3,72
2026-03-20,2884,2884,53882734,31.95,31.95,31.3,31.8
2026-03-20,2885,2885,26624305,44,44.7,43.9,44.2
2026-03-20,2886,2886,30667665,39.15,39.15,38.7,38.75
2026-03-20,2887,2887,124785778,24.45,24.8,24.35,24.65
2026-03-20,2891,2891,37046334,51.4,52.2,51.4,52.1
2026-03-23,0050,0050,233385121,73.5,74.45,73.3,74.25
2026-03-23,0051,0051,130620,109.45,109.9,108.05,108.55
2026-03-23,0052,0052,67001322,44,44.34,43.88,44.1
2026-03-23,0053,0053,52277,165.7,167,165.4,165.85
2026-03-23,0056,0056,110664636,37.88,38.1,37.8,37.97
2026-03-23,1301,1301,47616296,47.25,48,44.75,44.75
2026-03-23,1303,1303,70639678,74.7,77,72.6,73.8
2026-03-23,1326,1326,34324848,44.8,45.8,43.05,43.1
2026-03-23,2308,2308,13897471,1405,1425,1385,1410
2026-03-23,2317,2317,78470506,196.5,197.5,195,196
2026-03-23,2330,2330,41950478,1790,1815,1785,1810
2026-03-23,2412,2412,16555906,133,135,133,134
2026-03-23,2454,2454,7225878,1630,1645,1600,1625
2026-03-23,2881,2881,25217545,85.8,87.5,85.3,86.8
2026-03-23,2882,2882,29547594,70.1,72.3,69.6,71.7
2026-03-23,2884,2884,36774751,31.1,31.25,30.85,31.15
2026-03-23,2885,2885,22574961,43.25,44.35,42.9,44.2
2026-03-23,2886,2886,21636794,38.2,38.55,37.9,38.35
2026-03-23,2887,2887,131004906,24,24.15,23.45,23.9
2026-03-23,2891,2891,61126020,50.8,51.7,50.4,51.5
2026-03-24,0050,0050,90466270,75.5,75.6,73.8,74.4
2026-03-24,0051,0051,74115,110.55,110.55,106.5,107.15
2026-03-24,0052,0052,38162214,44.92,44.93,43.8,44.13
2026-03-24,0053,0053,16164,168.2,168.2,165.45,166.75
2026-03-24,0056,0056,49350102,38.34,38.37,37.76,38.04
2026-03-24,1301,1301,15443975,45.35,45.65,44.65,45.05
2026-03-24,1303,1303,51935575,76,76,70.9,72.3
2026-03-24,1326,1326,21526922,43.7,44.4,42.2,43
2026-03-24,2308,2308,13206637,1455,1470,1410,1415
2026-03-24,2317,2317,56280296,198.5,199.5,194,195
2026-03-24,2330,2330,30569936,1850,1850,1800,1810
2026-03-24,2412,2412,7532900,134,135,134,134
2026-03-24,2454,2454,5766587,1655,1665,1600,1620
2026-03-24,2881,2881,12263167,87.3,87.9,86.6,87.1
2026-03-24,2882,2882,23366621,71.8,72,70.8,70.8
2026-03-24,2884,2884,21610622,31.15,31.65,31,31.55
2026-03-24,2885,2885,31627115,44.65,45.35,44.3,45.1
2026-03-24,2886,2886,19438434,38.4,39,38.35,38.85
2026-03-24,2887,2887,71583318,24.1,24.3,23.8,24.15
2026-03-24,2891,2891,27752603,51.5,52.3,51.3,52
2026-03-25,0050,0050,94344080,76.35,76.65,76,76.2
2026-03-25,0051,0051,71687,108.65,110.3,108.65,110.3
2026-03-25,0052,0052,44165653,45.16,45.45,44.91,45.08
2026-03-25,0053,0053,12653,171.7,171.7,170.15,170.5
2026-03-25,0056,0056,31365933,38.55,38.76,38.45,38.58
2026-03-25,1301,1301,16758109,45.95,46.4,45,45.65
2026-03-25,1303,1303,50730730,75.1,77,74.6,76
2026-03-25,1326,1326,29588453,43.95,44.25,42.25,42.85
2026-03-25,2308,2308,16571563,1485,1555,1485,1550
2026-03-25,2317,2317,43133240,200,201,197,200
2026-03-25,2330,2330,46664345,1865,1875,1845,1845
2026-03-25,2412,2412,7037041,135.5,136,134,135
2026-03-25,2454,2454,6144537,1665,1665,1620,1620
2026-03-25,2881,2881,13566318,89.2,89.2,87.9,88.8
2026-03-25,2882,2882,21571363,72.4,72.4,70.9,71.4
2026-03-25,2884,2884,27290698,32.4,32.4,31.65,32.1
2026-03-25,2885,2885,27878419,46.05,46.15,45.3,45.85
2026-03-25,2886,2886,24276477,39.5,39.5,38.75,39.15
2026-03-25,2887,2887,44353290,24.8,24.8,24.35,24.45
2026-03-25,2891,2891,34518189,53.3,53.3,52.1,52.8
2026-03-26,0050,0050,80069071,76.3,76.85,75.6,75.8
2026-03-26,0051,0051,59883,110.1,112.65,110.1,110.3
2026-03-26,0052,0052,23579476,45.21,45.49,44.86,44.9
2026-03-26,0053,0053,12912,172,172.7,170.95,170.95
2026-03-26,0056,0056,30512264,38.6,38.85,38.55,38.56
2026-03-26,1301,1301,39961779,46,48.75,46,47.45
2026-03-26,1303,1303,79562335,79.5,81.6,74.8,74.8
2026-03-26,1326,1326,46896639,43.15,46.35,43.15,45.1
2026-03-26,2308,2308,13856198,1535,1565,1515,1515
2026-03-26,2317,2317,41973121,202.5,206,200.5,200.5
2026-03-26,2330,2330,24634887,1850,1865,1840,1840
2026-03-26,2412,2412,5075813,135.5,135.5,134,134.5
2026-03-26,2454,2454,7833984,1610,1640,1590,1590
2026-03-26,2881,2881,13848827,89.2,89.2,88,88.6
2026-03-26,2882,2882,13797004,71.4,71.8,70.7,70.8
2026-03-26,2884,2884,23136520,32.45,32.45,32,32.35
2026-03-26,2885,2885,20850336,45.85,46.75,45.75,46.05
2026-03-26,2886,2886,19802542,39.4,39.4,38.85,39.1
2026-03-26,2887,2887,46422059,24.65,24.65,24,24.15
2026-03-26,2891,2891,21292099,53,53.2,52.6,53
2026-03-27,0050,0050,115798710,74.45,75.1,74.1,75
2026-03-27,0051,0051,41556,109.45,110.8,108.7,110.8
2026-03-27,0052,0052,30933033,44.02,44.55,44,44.5
2026-03-27,0053,0053,20019,166.7,168,166.35,168
2026-03-27,0056,0056,51978534,38.24,38.45,38.07,38.43
2026-03-27,1301,1301,19772835,48,48.15,46.75,46.9
2026-03-27,1303,1303,39331056,73.6,74.9,72.2,74.2
2026-03-27,1326,1326,28950627,45.5,45.85,43.9,44.25
2026-03-27,2308,2308,10527057,1460,1520,1440,1510
2026-03-27,2317,2317,29525374,197,200.5,196.5,199.5
2026-03-27,2330,2330,33883223,1805,1825,1800,1820
2026-03-27,2412,2412,4920140,134.5,135,134,134
2026-03-27,2454,2454,7673536,1560,1585,1545,1585
2026-03-27,2881,2881,13618949,87.8,88.3,87.1,87.7
2026-03-27,2882,2882,24301000,70.4,70.7,69.5,70.6
2026-03-27,2884,2884,18515318,32.1,32.35,32,32.2
2026-03-27,2885,2885,17285412,45.6,46.05,45.3,45.3
2026-03-27,2886,2886,26602509,38.95,39.2,38.7,39.1
2026-03-27,2887,2887,63736409,24,24.1,23.75,24.05
2026-03-27,2891,2891,33063902,52.8,53,52.2,53
2026-03-30,0050,0050,175515568,73.3,74.05,72.8,73.9
2026-03-30,0051,0051,68036,108.55,109.2,107.5,109.2
2026-03-30,0052,0052,47419283,43.4,43.74,43.32,43.66
2026-03-30,0053,0053,16526,165,165.9,164.1,165.9
2026-03-30,0056,0056,98696813,37.81,37.93,37.61,37.85
2026-03-30,1301,1301,59280258,46.6,49.3,46.5,48.25
2026-03-30,1303,1303,133187379,72.1,81.6,71.8,81.4
2026-03-30,1326,1326,116567725,44.55,48.65,44.05,48.65
2026-03-30,2308,2308,11853740,1480,1495,1450,1485
2026-03-30,2317,2317,46503907,194.5,195.5,193,194
2026-03-30,2330,2330,46272405,1780,1800,1780,1780
2026-03-30,2412,2412,9437500,133.5,134.5,133,134
2026-03-30,2454,2454,8234525,1540,1555,1505,1510
2026-03-30,2881,2881,21382145,86.2,87.4,86.2,86.4
2026-03-30,2882,2882,26955054,69.1,70.9,69.1,70.4
2026-03-30,2884,2884,35065679,31.95,32.25,31.9,32
2026-03-30,2885,2885,30359121,44.5,45.1,44.45,44.45
2026-03-30,2886,2886,38777644,38.2,39.05,38.2,38.65
2026-03-30,2887,2887,75406806,23.35,23.8,23.35,23.75
2026-03-30,2891,2891,47208431,51.5,52.5,51.5,51.9
2026-03-31,0050,0050,257738774,73.35,73.45,72.15,72.35
2026-03-31,0051,0051,155303,107.2,107.7,104.65,104.85
2026-03-31,0052,0052,56822588,43.3,43.45,42.75,42.82
2026-03-31,0053,0053,26671,162.75,163.2,160.2,160.2
2026-03-31,0056,0056,149771888,37.65,37.66,37.05,37.13
2026-03-31,1301,1301,47148891,48.3,48.8,45.5,45.9
2026-03-31,1303,1303,117821245,79,79.7,73.4,73.9
2026-03-31,1326,1326,132479035,50.2,51,44.6,44.95
2026-03-31,2308,2308,21389778,1465,1470,1365,1380
2026-03-31,2317,2317,95729350,191,192.5,187.5,187.5
2026-03-31,2330,2330,75832456,1775,1790,1760,1760
2026-03-31,2412,2412,14694148,133.5,134,133,133
2026-03-31,2454,2454,11429002,1525,1540,1490,1490
2026-03-31,2881,2881,20499708,85.8,87.2,85.8,86
2026-03-31,2882,2882,33661572,69.8,71.4,69.6,70.3
2026-03-31,2884,2884,31563353,31.95,32.15,31.75,31.75
2026-03-31,2885,2885,35501804,44,45.05,44,44.75
2026-03-31,2886,2886,39385674,38.5,38.9,38.25,38.45
2026-03-31,2887,2887,94372165,23.6,23.65,23.1,23.15
2026-03-31,2891,2891,47749427,52.2,52.2,51.3,51.3
